Interval start,Packet Sizes
15.971,15888
15.972,0
15.973,0
15.974,0
15.975,0
15.976,0
15.977,0
15.978,0
15.979,0
15.98,0
15.981,0
15.982,0
15.983,0
15.984,0
15.985,0
15.986,0
15.987,0
15.988,0
15.989,15888
15.99,0
15.991,0
15.992,0
15.993,0
15.994,0
15.995,0
15.996,0
15.997,0
15.998,0
15.999,0
16,0
16.001,0
16.002,0
16.003,0
16.004,0
16.005,0
16.006,15888
16.007,0
16.008,0
16.009,0
16.01,0
16.011,0
16.012,0
16.013,0
16.014,0
16.015,0
16.016,0
16.017,0
16.018,0
16.019,0
16.02,0
16.021,0
16.022,0
16.023,0
16.024,15888
16.025,0
16.026,0
16.027,0
16.028,0
16.029,0
16.03,0
16.031,0
16.032,0
16.033,0
16.034,0
16.035,0
16.036,0
16.037,0
16.038,0
16.039,0
16.04,0
16.041,15888
16.042,0
16.043,0
16.044,0
16.045,0
16.046,0
16.047,0
16.048,0
16.049,0
16.05,0
16.051,0
16.052,0
16.053,0
16.054,0
16.055,0
16.056,0
16.057,0
16.058,0
16.059,15888
16.06,0
16.061,0
16.062,0
16.063,0
16.064,0
16.065,0
16.066,0
16.067,0
16.068,0
16.069,0
16.07,0
16.071,0
16.072,0
16.073,0
16.074,0
16.075,0
16.076,0
16.077,15888
16.078,0
16.079,0
16.08,0
16.081,0
16.082,0
16.083,0
16.084,0
16.085,0
16.086,0
16.087,0
16.088,0
16.089,0
16.09,0
16.091,0
16.092,0
16.093,0
16.094,0
16.095,15888
16.096,0
16.097,0
16.098,0
16.099,0
16.1,0
16.101,0
16.102,0
16.103,0
16.104,0
16.105,0
16.106,0
16.107,0
16.108,0
16.109,0
16.11,0
16.111,0
16.112,0
16.113,0
16.114,15888
16.115,0
16.116,0
16.117,0
16.118,0
16.119,0
16.12,0
16.121,0
16.122,0
16.123,0
16.124,0
16.125,0
16.126,0
16.127,0
16.128,0
16.129,0
16.13,0
16.131,0
16.132,15888
16.133,0
16.134,0
16.135,0
16.136,0
16.137,0
16.138,0
16.139,0
16.14,0
16.141,0
16.142,0
16.143,0
16.144,0
16.145,0
16.146,0
16.147,0
16.148,0
16.149,0
16.15,0
16.151,0
16.152,0
16.153,15888
16.154,0
16.155,0
16.156,0
16.157,0
16.158,0
16.159,0
16.16,0
16.161,0
16.162,0
16.163,0
16.164,0
16.165,0
16.166,0
16.167,0
16.168,0
16.169,0
16.17,15888
16.171,0
16.172,0
16.173,0
16.174,0
16.175,0
16.176,0
16.177,0
16.178,0
16.179,0
16.18,0
16.181,0
16.182,0
16.183,0
16.184,0
16.185,0
16.186,0
16.187,15888
16.188,0
16.189,0
16.19,0
16.191,0
16.192,0
16.193,0
16.194,0
16.195,0
16.196,0
16.197,0
16.198,0
16.199,0
16.2,0
16.201,0
16.202,0
16.203,0
16.204,0
16.205,15888
16.206,0
16.207,0
16.208,0
16.209,0
16.21,0
16.211,0
16.212,0
16.213,0
16.214,0
16.215,0
16.216,0
16.217,0
16.218,0
16.219,0
16.22,0
16.221,0
16.222,0
16.223,0
16.224,15888
16.225,0
16.226,0
16.227,0
16.228,0
16.229,0
16.23,0
16.231,0
16.232,0
16.233,0
16.234,0
16.235,0
16.236,0
16.237,0
16.238,0
16.239,0
16.24,0
16.241,15888
16.242,0
16.243,0
16.244,0
16.245,0
16.246,0
16.247,0
16.248,0
16.249,0
16.25,0
16.251,0
16.252,0
16.253,0
16.254,0
16.255,0
16.256,0
16.257,0
16.258,0
16.259,0
16.26,15888
16.261,0
16.262,0
16.263,0
16.264,0
16.265,0
16.266,0
16.267,0
16.268,0
16.269,0
16.27,0
16.271,0
16.272,0
16.273,0
16.274,0
16.275,0
16.276,15888
16.277,0
16.278,0
16.279,0
16.28,0
16.281,0
16.282,0
16.283,0
16.284,0
16.285,0
16.286,0
16.287,0
16.288,0
16.289,0
16.29,0
16.291,0
16.292,0
16.293,0
16.294,0
16.295,15888
16.296,0
16.297,0
16.298,0
16.299,0
16.3,0
16.301,0
16.302,0
16.303,0
16.304,0
16.305,0
16.306,0
16.307,0
16.308,0
16.309,0
16.31,0
16.311,0
16.312,15888
16.313,0
16.314,0
16.315,0
16.316,0
16.317,0
16.318,0
16.319,0
16.32,0
16.321,0
16.322,0
16.323,0
16.324,0
16.325,0
16.326,0
16.327,0
16.328,0
16.329,0
16.33,15888
16.331,0
16.332,0
16.333,0
16.334,0
16.335,0
16.336,0
16.337,0
16.338,0
16.339,0
16.34,0
16.341,0
16.342,0
16.343,0
16.344,0
16.345,0
16.346,0
16.347,0
16.348,15888
16.349,0
16.35,0
16.351,0
16.352,0
16.353,0
16.354,0
16.355,0
16.356,0
16.357,0
16.358,0
16.359,0
16.36,0
16.361,0
16.362,0
16.363,0
16.364,0
16.365,0
16.366,0
16.367,15888
16.368,0
16.369,0
16.37,0
16.371,0
16.372,0
16.373,0
16.374,0
16.375,0
16.376,0
16.377,0
16.378,0
16.379,0
16.38,0
16.381,0
16.382,0
16.383,0
16.384,0
16.385,15888
16.386,0
16.387,0
16.388,0
16.389,0
16.39,0
16.391,0
16.392,0
16.393,0
16.394,0
16.395,0
16.396,0
16.397,0
16.398,0
16.399,0
16.4,0
16.401,0
16.402,0
16.403,15888
16.404,0
16.405,0
16.406,0
16.407,0
16.408,0
16.409,0
16.41,0
16.411,0
16.412,0
16.413,0
16.414,0
16.415,0
16.416,0
16.417,0
16.418,0
16.419,0
16.42,0
16.421,0
16.422,15888
16.423,0
16.424,0
16.425,0
16.426,0
16.427,0
16.428,0
16.429,0
16.43,0
16.431,0
16.432,0
16.433,0
16.434,0
16.435,0
16.436,0
16.437,0
16.438,0
16.439,0
16.44,15888
16.441,0
16.442,0
16.443,0
16.444,0
16.445,0
16.446,0
16.447,0
16.448,0
16.449,0
16.45,0
16.451,0
16.452,0
16.453,0
16.454,0
16.455,0
16.456,0
16.457,0
16.458,15888
16.459,0
16.46,0
16.461,0
16.462,0
16.463,0
16.464,0
16.465,0
16.466,0
16.467,0
16.468,0
16.469,0
16.47,0
16.471,0
16.472,0
16.473,0
16.474,0
16.475,0
16.476,15888
16.477,0
16.478,0
16.479,0
16.48,0
16.481,0
16.482,0
16.483,0
16.484,0
16.485,0
16.486,0
16.487,0
16.488,0
16.489,0
16.49,0
16.491,0
16.492,0
16.493,0
16.494,15888
16.495,0
16.496,0
16.497,0
16.498,0
16.499,0
16.5,0
16.501,0
16.502,0
16.503,0
16.504,0
16.505,0
16.506,0
16.507,0
16.508,0
16.509,0
16.51,0
16.511,0
16.512,0
16.513,15888
16.514,0
16.515,0
16.516,0
16.517,0
16.518,0
16.519,0
16.52,0
16.521,0
16.522,0
16.523,0
16.524,0
16.525,0
16.526,0
16.527,0
16.528,0
16.529,15888
16.53,0
16.531,0
16.532,0
16.533,0
16.534,0
16.535,0
16.536,0
16.537,0
16.538,0
16.539,0
16.54,0
16.541,0
16.542,0
16.543,0
16.544,0
16.545,0
16.546,0
16.547,0
16.548,15888
16.549,0
16.55,0
16.551,0
16.552,0
16.553,0
16.554,0
16.555,0
16.556,0
16.557,0
16.558,0
16.559,0
16.56,0
16.561,0
16.562,0
16.563,0
16.564,0
16.565,15888
16.566,0
16.567,0
16.568,0
16.569,0
16.57,0
16.571,0
16.572,0
16.573,0
16.574,0
16.575,0
16.576,0
16.577,0
16.578,0
16.579,0
16.58,0
16.581,0
16.582,0
16.583,0
16.584,15888
16.585,0
16.586,0
16.587,0
16.588,0
16.589,0
16.59,0
16.591,0
16.592,0
16.593,0
16.594,0
16.595,0
16.596,0
16.597,0
16.598,0
16.599,0
16.6,0
16.601,15888
16.602,0
16.603,0
16.604,0
16.605,0
16.606,0
16.607,0
16.608,0
16.609,0
16.61,0
16.611,0
16.612,0
16.613,0
16.614,0
16.615,0
16.616,0
16.617,0
16.618,0
16.619,0
16.62,15888
16.621,0
16.622,0
16.623,0
16.624,0
16.625,0
16.626,0
16.627,0
16.628,0
16.629,0
16.63,0
16.631,0
16.632,0
16.633,0
16.634,0
16.635,0
16.636,0
16.637,0
16.638,15888
16.639,0
16.64,0
16.641,0
16.642,0
16.643,0
16.644,0
16.645,0
16.646,0
16.647,0
16.648,0
16.649,0
16.65,0
16.651,0
16.652,0
16.653,0
16.654,0
16.655,0
16.656,15888
16.657,0
16.658,0
16.659,0
16.66,0
16.661,0
16.662,0
16.663,0
16.664,0
16.665,0
16.666,0
16.667,0
16.668,0
16.669,0
16.67,0
16.671,0
16.672,0
16.673,0
16.674,0
16.675,0
16.676,15888
16.677,0
16.678,0
16.679,0
16.68,0
16.681,0
16.682,0
16.683,0
16.684,0
16.685,0
16.686,0
16.687,0
16.688,0
16.689,0
16.69,0
16.691,0
16.692,0
16.693,0
16.694,15888
16.695,0
16.696,0
16.697,0
16.698,0
16.699,0
16.7,0
16.701,0
16.702,0
16.703,0
16.704,0
16.705,0
16.706,0
16.707,0
16.708,0
16.709,0
16.71,0
16.711,15888
16.712,0
16.713,0
16.714,0
16.715,0
16.716,0
16.717,0
16.718,0
16.719,0
16.72,0
16.721,0
16.722,0
16.723,0
16.724,0
16.725,0
16.726,0
16.727,0
16.728,0
16.729,0
16.73,15888
16.731,0
16.732,0
16.733,0
16.734,0
16.735,0
16.736,0
16.737,0
16.738,0
16.739,0
16.74,0
16.741,0
16.742,0
16.743,0
16.744,0
16.745,0
16.746,0
16.747,0
16.748,15888
16.749,0
16.75,0
16.751,0
16.752,0
16.753,0
16.754,0
16.755,0
16.756,0
16.757,0
16.758,0
16.759,0
16.76,0
16.761,0
16.762,0
16.763,0
16.764,0
16.765,15888
16.766,0
16.767,0
16.768,0
16.769,0
16.77,0
16.771,0
16.772,0
16.773,0
16.774,0
16.775,0
16.776,0
16.777,0
16.778,0
16.779,0
16.78,0
16.781,0
16.782,0
16.783,15888
16.784,0
16.785,0
16.786,0
16.787,0
16.788,0
16.789,0
16.79,0
16.791,0
16.792,0
16.793,0
16.794,0
16.795,0
16.796,0
16.797,0
16.798,0
16.799,0
16.8,0
16.801,0
16.802,15888
16.803,0
16.804,0
16.805,0
16.806,0
16.807,0
16.808,0
16.809,0
16.81,0
16.811,0
16.812,0
16.813,0
16.814,0
16.815,0
16.816,0
16.817,0
16.818,0
16.819,15888
16.82,0
16.821,0
16.822,0
16.823,0
16.824,0
16.825,0
16.826,0
16.827,0
16.828,0
16.829,0
16.83,0
16.831,0
16.832,0
16.833,0
16.834,0
16.835,0
16.836,0
16.837,15888
16.838,0
16.839,0
16.84,0
16.841,0
16.842,0
16.843,0
16.844,0
16.845,0
16.846,0
16.847,0
16.848,0
16.849,0
16.85,0
16.851,0
16.852,0
16.853,0
16.854,0
16.855,15888
16.856,0
16.857,0
16.858,0
16.859,0
16.86,0
16.861,0
16.862,0
16.863,0
16.864,0
16.865,0
16.866,0
16.867,0
16.868,0
16.869,0
16.87,0
16.871,0
16.872,0
16.873,15888
16.874,0
16.875,0
16.876,0
16.877,0
16.878,0
16.879,0
16.88,0
16.881,0
16.882,0
16.883,0
16.884,0
16.885,0
16.886,0
16.887,0
16.888,0
16.889,0
16.89,0
16.891,15888
16.892,0
16.893,0
16.894,0
16.895,0
16.896,0
16.897,0
16.898,0
16.899,0
16.9,0
16.901,0
16.902,0
16.903,0
16.904,0
16.905,0
16.906,0
16.907,0
16.908,15888
16.909,0
16.91,0
16.911,0
16.912,0
16.913,0
16.914,0
16.915,0
16.916,0
16.917,0
16.918,0
16.919,0
16.92,0
16.921,0
16.922,0
16.923,0
16.924,0
16.925,0
16.926,15888
16.927,0
16.928,0
16.929,0
16.93,0
16.931,0
16.932,0
16.933,0
16.934,0
16.935,0
16.936,0
16.937,0
16.938,0
16.939,0
16.94,0
16.941,0
16.942,0
16.943,0
16.944,0
16.945,0
16.946,15888
16.947,0
16.948,0
16.949,0
16.95,0
16.951,0
16.952,0
16.953,0
16.954,0
16.955,0
16.956,0
16.957,0
16.958,0
16.959,0
16.96,0
16.961,0
16.962,0
16.963,0
16.964,15888
16.965,0
16.966,0
16.967,0
16.968,0
16.969,0
16.97,0
16.971,0
16.972,0
16.973,0
16.974,0
16.975,0
16.976,0
16.977,0
16.978,0
16.979,0
16.98,0
16.981,0
16.982,15888
16.983,0
16.984,0
16.985,0
16.986,0
16.987,0
16.988,0
16.989,0
16.99,0
16.991,0
16.992,0
16.993,0
16.994,0
16.995,0
16.996,0
16.997,0
16.998,0
16.999,0
17,0
17.001,15888
17.002,0
17.003,0
17.004,0
17.005,0
17.006,0
17.007,0
17.008,0
17.009,0
17.01,0
17.011,0
17.012,0
17.013,0
17.014,0
17.015,0
17.016,0
17.017,0
17.018,0
17.019,15888
17.02,0
17.021,0
17.022,0
17.023,0
17.024,0
17.025,0
17.026,0
17.027,0
17.028,0
17.029,0
17.03,0
17.031,0
17.032,0
17.033,0
17.034,0
17.035,0
17.036,15888
17.037,0
17.038,0
17.039,0
17.04,0
17.041,0
17.042,0
17.043,0
17.044,0
17.045,0
17.046,0
17.047,0
17.048,0
17.049,0
17.05,0
17.051,0
17.052,0
17.053,0
17.054,0
17.055,15888
17.056,0
17.057,0
17.058,0
17.059,0
17.06,0
17.061,0
17.062,0
17.063,0
17.064,0
17.065,0
17.066,0
17.067,0
17.068,0
17.069,0
17.07,0
17.071,0
17.072,15888
17.073,0
17.074,0
17.075,0
17.076,0
17.077,0
17.078,0
17.079,0
17.08,0
17.081,0
17.082,0
17.083,0
17.084,0
17.085,0
17.086,0
17.087,0
17.088,0
17.089,0
17.09,0
17.091,15888
17.092,0
17.093,0
17.094,0
17.095,0
17.096,0
17.097,0
17.098,0
17.099,0
17.1,0
17.101,0
17.102,0
17.103,0
17.104,0
17.105,0
17.106,0
17.107,0
17.108,0
17.109,15888
17.11,0
17.111,0
17.112,0
17.113,0
17.114,0
17.115,0
17.116,0
17.117,0
17.118,0
17.119,0
17.12,0
17.121,0
17.122,0
17.123,0
17.124,0
17.125,0
17.126,15888
17.127,0
17.128,0
17.129,0
17.13,0
17.131,0
17.132,0
17.133,0
17.134,0
17.135,0
17.136,0
17.137,0
17.138,0
17.139,0
17.14,0
17.141,0
17.142,0
17.143,0
17.144,0
17.145,15888
17.146,0
17.147,0
17.148,0
17.149,0
17.15,0
17.151,0
17.152,0
17.153,0
17.154,0
17.155,0
17.156,0
17.157,0
17.158,0
17.159,0
17.16,0
17.161,0
17.162,0
17.163,15888
17.164,0
17.165,0
17.166,0
17.167,0
17.168,0
17.169,0
17.17,0
17.171,0
17.172,0
17.173,0
17.174,0
17.175,0
17.176,0
17.177,0
17.178,0
17.179,0
17.18,0
17.181,15888
17.182,0
17.183,0
17.184,0
17.185,0
17.186,0
17.187,0
17.188,0
17.189,0
17.19,0
17.191,0
17.192,0
17.193,0
17.194,0
17.195,0
17.196,0
17.197,0
17.198,15888
17.199,0
17.2,0
17.201,0
17.202,0
17.203,0
17.204,0
17.205,0
17.206,0
17.207,0
17.208,0
17.209,0
17.21,0
17.211,0
17.212,0
17.213,0
17.214,0
17.215,15888
17.216,0
17.217,0
17.218,0
17.219,0
17.22,0
17.221,0
17.222,0
17.223,0
17.224,0
17.225,0
17.226,0
17.227,0
17.228,0
17.229,0
17.23,0
17.231,0
17.232,0
17.233,15888
17.234,0
17.235,0
17.236,0
17.237,0
17.238,0
17.239,0
17.24,0
17.241,0
17.242,0
17.243,0
17.244,0
17.245,0
17.246,0
17.247,0
17.248,0
17.249,0
17.25,0
17.251,0
17.252,15888
17.253,0
17.254,0
17.255,0
17.256,0
17.257,0
17.258,0
17.259,0
17.26,0
17.261,0
17.262,0
17.263,0
17.264,0
17.265,0
17.266,0
17.267,0
17.268,0
17.269,15888
17.27,0
17.271,0
17.272,0
17.273,0
17.274,0
17.275,0
17.276,0
17.277,0
17.278,0
17.279,0
17.28,0
17.281,0
17.282,0
17.283,0
17.284,0
17.285,0
17.286,0
17.287,15888
17.288,0
17.289,0
17.29,0
17.291,0
17.292,0
17.293,0
17.294,0
17.295,0
17.296,0
17.297,0
17.298,0
17.299,0
17.3,0
17.301,0
17.302,0
17.303,0
17.304,0
17.305,15888
17.306,0
17.307,0
17.308,0
17.309,0
17.31,0
17.311,0
17.312,0
17.313,0
17.314,0
17.315,0
17.316,0
17.317,0
17.318,0
17.319,0
17.32,0
17.321,0
17.322,0
17.323,0
17.324,15888
17.325,0
17.326,0
17.327,0
17.328,0
17.329,0
17.33,0
17.331,0
17.332,0
17.333,0
17.334,0
17.335,0
17.336,0
17.337,0
17.338,0
17.339,0
17.34,0
17.341,0
17.342,0
17.343,15888
17.344,0
17.345,0
17.346,0
17.347,0
17.348,0
17.349,0
17.35,0
17.351,0
17.352,0
17.353,0
17.354,0
17.355,0
17.356,0
17.357,0
17.358,0
17.359,15888
17.36,0
17.361,0
17.362,0
17.363,0
17.364,0
17.365,0
17.366,0
17.367,0
17.368,0
17.369,0
17.37,0
17.371,0
17.372,0
17.373,0
17.374,0
17.375,0
17.376,0
17.377,0
17.378,15888
17.379,0
17.38,0
17.381,0
17.382,0
17.383,0
17.384,0
17.385,0
17.386,0
17.387,0
17.388,0
17.389,0
17.39,0
17.391,0
17.392,0
17.393,0
17.394,0
17.395,0
17.396,0
17.397,15888
17.398,0
17.399,0
17.4,0
17.401,0
17.402,0
17.403,0
17.404,0
17.405,0
17.406,0
17.407,0
17.408,0
17.409,0
17.41,0
17.411,0
17.412,0
17.413,0
17.414,0
17.415,15888
17.416,0
17.417,0
17.418,0
17.419,0
17.42,0
17.421,0
17.422,0
17.423,0
17.424,0
17.425,0
17.426,0
17.427,0
17.428,0
17.429,0
17.43,0
17.431,0
17.432,0
17.433,15888
17.434,0
17.435,0
17.436,0
17.437,0
17.438,0
17.439,0
17.44,0
17.441,0
17.442,0
17.443,0
17.444,0
17.445,0
17.446,0
17.447,0
17.448,0
17.449,0
17.45,0
17.451,0
17.452,15888
17.453,0
17.454,0
17.455,0
17.456,0
17.457,0
17.458,0
17.459,0
17.46,0
17.461,0
17.462,0
17.463,0
17.464,0
17.465,0
17.466,0
17.467,0
17.468,0
17.469,15888
17.47,0
17.471,0
17.472,0
17.473,0
17.474,0
17.475,0
17.476,0
17.477,0
17.478,0
17.479,0
17.48,0
17.481,0
17.482,0
17.483,0
17.484,0
17.485,0
17.486,15888
17.487,0
17.488,0
17.489,0
17.49,0
17.491,0
17.492,0
17.493,0
17.494,0
17.495,0
17.496,0
17.497,0
17.498,0
17.499,0
17.5,0
17.501,0
17.502,0
17.503,0
17.504,0
17.505,0
17.506,15888
17.507,0
17.508,0
17.509,0
17.51,0
17.511,0
17.512,0
17.513,0
17.514,0
17.515,0
17.516,0
17.517,0
17.518,0
17.519,0
17.52,0
17.521,0
17.522,0
17.523,15888
17.524,0
17.525,0
17.526,0
17.527,0
17.528,0
17.529,0
17.53,0
17.531,0
17.532,0
17.533,0
17.534,0
17.535,0
17.536,0
17.537,0
17.538,0
17.539,0
17.54,0
17.541,0
17.542,0
17.543,15888
17.544,0
17.545,0
17.546,0
17.547,0
17.548,0
17.549,0
17.55,0
17.551,0
17.552,0
17.553,0
17.554,0
17.555,0
17.556,0
17.557,0
17.558,0
17.559,15888
17.56,0
17.561,0
17.562,0
17.563,0
17.564,0
17.565,0
17.566,0
17.567,0
17.568,0
17.569,0
17.57,0
17.571,0
17.572,0
17.573,0
17.574,0
17.575,15888
17.576,0
17.577,0
17.578,0
17.579,0
17.58,0
17.581,0
17.582,0
17.583,0
17.584,0
17.585,0
17.586,0
17.587,0
17.588,0
17.589,0
17.59,0
17.591,0
17.592,0
17.593,0
17.594,15888
17.595,0
17.596,0
17.597,0
17.598,0
17.599,0
17.6,0
17.601,0
17.602,0
17.603,0
17.604,0
17.605,0
17.606,0
17.607,0
17.608,0
17.609,0
17.61,0
17.611,0
17.612,0
17.613,15888
17.614,0
17.615,0
17.616,0
17.617,0
17.618,0
17.619,0
17.62,0
17.621,0
17.622,0
17.623,0
17.624,0
17.625,0
17.626,0
17.627,0
17.628,0
17.629,0
17.63,0
17.631,0
17.632,0
17.633,15888
17.634,0
17.635,0
17.636,0
17.637,0
17.638,0
17.639,0
17.64,0
17.641,0
17.642,0
17.643,0
17.644,0
17.645,0
17.646,0
17.647,0
17.648,0
17.649,0
17.65,15888
17.651,0
17.652,0
17.653,0
17.654,0
17.655,0
17.656,0
17.657,0
17.658,0
17.659,0
17.66,0
17.661,0
17.662,0
17.663,0
17.664,0
17.665,0
17.666,0
17.667,0
17.668,15888
17.669,0
17.67,0
17.671,0
17.672,0
17.673,0
17.674,0
17.675,0
17.676,0
17.677,0
17.678,0
17.679,0
17.68,0
17.681,0
17.682,0
17.683,0
17.684,0
17.685,0
17.686,0
17.687,0
17.688,15888
17.689,0
17.69,0
17.691,0
17.692,0
17.693,0
17.694,0
17.695,0
17.696,0
17.697,0
17.698,0
17.699,0
17.7,0
17.701,0
17.702,0
17.703,0
17.704,15888
17.705,0
17.706,0
17.707,0
17.708,0
17.709,0
17.71,0
17.711,0
17.712,0
17.713,0
17.714,0
17.715,0
17.716,0
17.717,0
17.718,0
17.719,0
17.72,0
17.721,15888
17.722,0
17.723,0
17.724,0
17.725,0
17.726,0
17.727,0
17.728,0
17.729,0
17.73,0
17.731,0
17.732,0
17.733,0
17.734,0
17.735,0
17.736,0
17.737,0
17.738,0
17.739,0
17.74,0
17.741,15888
17.742,0
17.743,0
17.744,0
17.745,0
17.746,0
17.747,0
17.748,0
17.749,0
17.75,0
17.751,0
17.752,0
17.753,0
17.754,0
17.755,0
17.756,0
17.757,0
17.758,15888
17.759,0
17.76,0
17.761,0
17.762,0
17.763,0
17.764,0
17.765,0
17.766,0
17.767,0
17.768,0
17.769,0
17.77,0
17.771,0
17.772,0
17.773,0
17.774,0
17.775,0
17.776,15888
17.777,0
17.778,0
17.779,0
17.78,0
17.781,0
17.782,0
17.783,0
17.784,0
17.785,0
17.786,0
17.787,0
17.788,0
17.789,0
17.79,0
17.791,0
17.792,0
17.793,0
17.794,15888
17.795,0
17.796,0
17.797,0
17.798,0
17.799,0
17.8,0
17.801,0
17.802,0
17.803,0
17.804,0
17.805,0
17.806,0
17.807,0
17.808,0
17.809,0
17.81,0
17.811,0
17.812,15888
17.813,0
17.814,0
17.815,0
17.816,0
17.817,0
17.818,0
17.819,0
17.82,0
17.821,0
17.822,0
17.823,0
17.824,0
17.825,0
17.826,0
17.827,0
17.828,0
17.829,0
17.83,15888
17.831,0
17.832,0
17.833,0
17.834,0
17.835,0
17.836,0
17.837,0
17.838,0
17.839,0
17.84,0
17.841,0
17.842,0
17.843,0
17.844,0
17.845,0
17.846,0
17.847,15888
17.848,0
17.849,0
17.85,0
17.851,0
17.852,0
17.853,0
17.854,0
17.855,0
17.856,0
17.857,0
17.858,0
17.859,0
17.86,0
17.861,0
17.862,0
17.863,0
17.864,15888
17.865,0
17.866,0
17.867,0
17.868,0
17.869,0
17.87,0
17.871,0
17.872,0
17.873,0
17.874,0
17.875,0
17.876,0
17.877,0
17.878,0
17.879,0
17.88,0
17.881,0
17.882,0
17.883,15888
17.884,0
17.885,0
17.886,0
17.887,0
17.888,0
17.889,0
17.89,0
17.891,0
17.892,0
17.893,0
17.894,0
17.895,0
17.896,0
17.897,0
17.898,0
17.899,0
17.9,0
17.901,15888
17.902,0
17.903,0
17.904,0
17.905,0
17.906,0
17.907,0
17.908,0
17.909,0
17.91,0
17.911,0
17.912,0
17.913,0
17.914,0
17.915,0
17.916,0
17.917,0
17.918,0
17.919,0
17.92,15888
17.921,0
17.922,0
17.923,0
17.924,0
17.925,0
17.926,0
17.927,0
17.928,0
17.929,0
17.93,0
17.931,0
17.932,0
17.933,0
17.934,0
17.935,0
17.936,0
17.937,15888
17.938,0
17.939,0
17.94,0
17.941,0
17.942,0
17.943,0
17.944,0
17.945,0
17.946,0
17.947,0
17.948,0
17.949,0
17.95,0
17.951,0
17.952,0
17.953,0
17.954,0
17.955,0
17.956,15888
17.957,0
17.958,0
17.959,0
17.96,0
17.961,0
17.962,0
17.963,0
17.964,0
17.965,0
17.966,0
17.967,0
17.968,0
17.969,0
17.97,0
17.971,0
17.972,0
17.973,0
17.974,0
17.975,15888
17.976,0
17.977,0
17.978,0
17.979,0
17.98,0
17.981,0
17.982,0
17.983,0
17.984,0
17.985,0
17.986,0
17.987,0
17.988,0
17.989,0
17.99,0
17.991,0
17.992,15888
17.993,0
17.994,0
17.995,0
17.996,0
17.997,0
17.998,0
17.999,0
18,0
18.001,0
18.002,0
18.003,0
18.004,0
18.005,0
18.006,0
18.007,0
18.008,0
18.009,0
18.01,15888
18.011,0
18.012,0
18.013,0
18.014,0
18.015,0
18.016,0
18.017,0
18.018,0
18.019,0
18.02,0
18.021,0
18.022,0
18.023,0
18.024,0
18.025,0
18.026,0
18.027,0
18.028,15888
18.029,0
18.03,0
18.031,0
18.032,0
18.033,0
18.034,0
18.035,0
18.036,0
18.037,0
18.038,0
18.039,0
18.04,0
18.041,0
18.042,0
18.043,0
18.044,0
18.045,0
18.046,15888
18.047,0
18.048,0
18.049,0
18.05,0
18.051,0
18.052,0
18.053,0
18.054,0
18.055,0
18.056,0
18.057,0
18.058,0
18.059,0
18.06,0
18.061,0
18.062,0
18.063,0
18.064,15888
18.065,0
18.066,0
18.067,0
18.068,0
18.069,0
18.07,0
18.071,0
18.072,0
18.073,0
18.074,0
18.075,0
18.076,0
18.077,0
18.078,0
18.079,0
18.08,0
18.081,0
18.082,15888
18.083,0
18.084,0
18.085,0
18.086,0
18.087,0
18.088,0
18.089,0
18.09,0
18.091,0
18.092,0
18.093,0
18.094,0
18.095,0
18.096,0
18.097,0
18.098,0
18.099,0
18.1,15888
18.101,0
18.102,0
18.103,0
18.104,0
18.105,0
18.106,0
18.107,0
18.108,0
18.109,0
18.11,0
18.111,0
18.112,0
18.113,0
18.114,0
18.115,0
18.116,0
18.117,0
18.118,0
18.119,15888
18.12,0
18.121,0
18.122,0
18.123,0
18.124,0
18.125,0
18.126,0
18.127,0
18.128,0
18.129,0
18.13,0
18.131,0
18.132,0
18.133,0
18.134,0
18.135,0
18.136,0
18.137,0
18.138,15888
18.139,0
18.14,0
18.141,0
18.142,0
18.143,0
18.144,0
18.145,0
18.146,0
18.147,0
18.148,0
18.149,0
18.15,0
18.151,0
18.152,0
18.153,0
18.154,15888
18.155,0
18.156,0
18.157,0
18.158,0
18.159,0
18.16,0
18.161,0
18.162,0
18.163,0
18.164,512
18.165,0
18.166,0
18.167,0
18.168,0
18.169,0
18.17,0
18.171,0
18.172,16064
18.173,0
18.174,0
18.175,0
18.176,0
18.177,0
18.178,0
18.179,0
18.18,0
18.181,0
18.182,0
18.183,0
18.184,0
18.185,0
18.186,0
18.187,0
18.188,0
18.189,0
18.19,0
18.191,0
18.192,16064
18.193,0
18.194,0
18.195,0
18.196,0
18.197,0
18.198,0
18.199,0
18.2,0
18.201,0
18.202,0
18.203,0
18.204,0
18.205,0
18.206,0
18.207,0
18.208,0
18.209,16064
18.21,0
18.211,0
18.212,0
18.213,0
18.214,0
18.215,0
18.216,0
18.217,0
18.218,0
18.219,0
18.22,0
18.221,0
18.222,0
18.223,0
18.224,0
18.225,0
18.226,16064
18.227,0
18.228,0
18.229,0
18.23,0
18.231,0
18.232,0
18.233,0
18.234,0
18.235,0
18.236,0
18.237,0
18.238,0
18.239,0
18.24,0
18.241,0
18.242,0
18.243,0
18.244,0
18.245,16064
18.246,0
18.247,0
18.248,0
18.249,0
18.25,0
18.251,0
18.252,0
18.253,0
18.254,0
18.255,0
18.256,0
18.257,0
18.258,0
18.259,0
18.26,0
18.261,0
18.262,0
18.263,0
18.264,0
18.265,16064
18.266,0
18.267,0
18.268,0
18.269,0
18.27,0
18.271,0
18.272,0
18.273,0
18.274,0
18.275,0
18.276,0
18.277,0
18.278,0
18.279,0
18.28,0
18.281,0
18.282,0
18.283,16064
18.284,0
18.285,0
18.286,0
18.287,0
18.288,0
18.289,0
18.29,0
18.291,0
18.292,0
18.293,0
18.294,0
18.295,0
18.296,0
18.297,0
18.298,0
18.299,0
18.3,0
18.301,0
18.302,16064
18.303,0
18.304,0
18.305,0
18.306,0
18.307,0
18.308,0
18.309,0
18.31,0
18.311,0
18.312,0
18.313,0
18.314,0
18.315,0
18.316,0
18.317,16064
18.318,0
18.319,0
18.32,0
18.321,0
18.322,0
18.323,0
18.324,0
18.325,0
18.326,0
18.327,0
18.328,0
18.329,0
18.33,0
18.331,0
18.332,0
18.333,0
18.334,0
18.335,0
18.336,0
18.337,16064
18.338,0
18.339,0
18.34,0
18.341,0
18.342,0
18.343,0
18.344,0
18.345,0
18.346,0
18.347,0
18.348,0
18.349,0
18.35,0
18.351,0
18.352,0
18.353,0
18.354,0
18.355,0
18.356,16064
18.357,0
18.358,0
18.359,0
18.36,0
18.361,0
18.362,0
18.363,0
18.364,0
18.365,0
18.366,0
18.367,0
18.368,0
18.369,0
18.37,0
18.371,0
18.372,0
18.373,0
18.374,0
18.375,16064
18.376,0
18.377,0
18.378,0
18.379,0
18.38,0
18.381,0
18.382,0
18.383,0
18.384,0
18.385,0
18.386,0
18.387,0
18.388,0
18.389,0
18.39,0
18.391,0
18.392,16064
18.393,0
18.394,0
18.395,0
18.396,0
18.397,0
18.398,0
18.399,0
18.4,0
18.401,0
18.402,0
18.403,0
18.404,0
18.405,0
18.406,0
18.407,0
18.408,0
18.409,0
18.41,0
18.411,16064
18.412,0
18.413,0
18.414,0
18.415,0
18.416,0
18.417,0
18.418,0
18.419,0
18.42,0
18.421,0
18.422,0
18.423,0
18.424,0
18.425,0
18.426,0
18.427,16064
18.428,0
18.429,0
18.43,0
18.431,0
18.432,0
18.433,0
18.434,0
18.435,0
18.436,0
18.437,0
18.438,0
18.439,0
18.44,0
18.441,0
18.442,0
18.443,0
18.444,16064
18.445,0
18.446,0
18.447,0
18.448,0
18.449,0
18.45,0
18.451,0
18.452,0
18.453,0
18.454,0
18.455,0
18.456,0
18.457,0
18.458,0
18.459,0
18.46,0
18.461,0
18.462,16064
18.463,0
18.464,0
18.465,0
18.466,0
18.467,0
18.468,0
18.469,0
18.47,0
18.471,0
18.472,0
18.473,0
18.474,0
18.475,0
18.476,0
18.477,0
18.478,0
18.479,0
18.48,0
18.481,16064
18.482,0
18.483,0
18.484,0
18.485,0
18.486,0
18.487,0
18.488,0
18.489,0
18.49,0
18.491,0
18.492,0
18.493,0
18.494,0
18.495,0
18.496,0
18.497,0
18.498,0
18.499,0
18.5,16064
18.501,0
18.502,0
18.503,0
18.504,0
18.505,0
18.506,0
18.507,0
18.508,0
18.509,0
18.51,0
18.511,0
18.512,0
18.513,0
18.514,0
18.515,0
18.516,0
18.517,0
18.518,16064
18.519,0
18.52,0
18.521,0
18.522,0
18.523,0
18.524,0
18.525,0
18.526,0
18.527,0
18.528,0
18.529,0
18.53,0
18.531,0
18.532,0
18.533,0
18.534,16064
18.535,0
18.536,0
18.537,0
18.538,0
18.539,0
18.54,0
18.541,0
18.542,0
18.543,0
18.544,0
18.545,0
18.546,0
18.547,0
18.548,0
18.549,0
18.55,0
18.551,0
18.552,0
18.553,0
18.554,16064
18.555,0
18.556,0
18.557,0
18.558,0
18.559,0
18.56,0
18.561,0
18.562,0
18.563,0
18.564,0
18.565,0
18.566,0
18.567,0
18.568,0
18.569,0
18.57,0
18.571,0
18.572,16064
18.573,0
18.574,0
18.575,0
18.576,0
18.577,0
18.578,0
18.579,0
18.58,0
18.581,0
18.582,0
18.583,0
18.584,0
18.585,0
18.586,0
18.587,0
18.588,0
18.589,0
18.59,0
18.591,16064
18.592,0
18.593,0
18.594,0
18.595,0
18.596,0
18.597,0
18.598,0
18.599,0
18.6,0
18.601,0
18.602,0
18.603,0
18.604,0
18.605,0
18.606,0
18.607,16064
18.608,0
18.609,0
18.61,0
18.611,0
18.612,0
18.613,0
18.614,0
18.615,0
18.616,0
18.617,0
18.618,0
18.619,0
18.62,0
18.621,0
18.622,0
18.623,0
18.624,0
18.625,0
18.626,16064
18.627,0
18.628,0
18.629,0
18.63,0
18.631,0
18.632,0
18.633,0
18.634,0
18.635,0
18.636,0
18.637,0
18.638,0
18.639,0
18.64,0
18.641,0
18.642,0
18.643,16064
18.644,0
18.645,0
18.646,0
18.647,0
18.648,0
18.649,0
18.65,0
18.651,0
18.652,0
18.653,0
18.654,0
18.655,0
18.656,0
18.657,0
18.658,0
18.659,0
18.66,0
18.661,0
18.662,16064
18.663,0
18.664,0
18.665,0
18.666,0
18.667,0
18.668,0
18.669,0
18.67,0
18.671,0
18.672,0
18.673,0
18.674,0
18.675,0
18.676,0
18.677,0
18.678,0
18.679,0
18.68,0
18.681,16064
18.682,0
18.683,0
18.684,0
18.685,0
18.686,0
18.687,0
18.688,0
18.689,0
18.69,0
18.691,0
18.692,0
18.693,0
18.694,0
18.695,0
18.696,0
18.697,0
18.698,0
18.699,0
18.7,16064
18.701,0
18.702,0
18.703,0
18.704,0
18.705,0
18.706,0
18.707,0
18.708,0
18.709,0
18.71,0
18.711,0
18.712,0
18.713,0
18.714,0
18.715,0
18.716,0
18.717,16064
18.718,0
18.719,0
18.72,0
18.721,0
18.722,0
18.723,0
18.724,0
18.725,0
18.726,0
18.727,0
18.728,0
18.729,0
18.73,0
18.731,0
18.732,0
18.733,0
18.734,0
18.735,16064
18.736,0
18.737,0
18.738,0
18.739,0
18.74,0
18.741,0
18.742,0
18.743,0
18.744,0
18.745,0
18.746,0
18.747,0
18.748,0
18.749,0
18.75,0
18.751,0
18.752,0
18.753,16064
18.754,0
18.755,0
18.756,0
18.757,0
18.758,0
18.759,0
18.76,0
18.761,0
18.762,0
18.763,0
18.764,0
18.765,0
18.766,0
18.767,0
18.768,0
18.769,0
18.77,0
18.771,0
18.772,16064
18.773,0
18.774,0
18.775,0
18.776,0
18.777,0
18.778,0
18.779,0
18.78,0
18.781,0
18.782,0
18.783,0
18.784,0
18.785,0
18.786,0
18.787,16064
18.788,0
18.789,0
18.79,0
18.791,0
18.792,0
18.793,0
18.794,0
18.795,0
18.796,0
18.797,0
18.798,0
18.799,0
18.8,0
18.801,0
18.802,0
18.803,0
18.804,0
18.805,16064
18.806,0
18.807,0
18.808,0
18.809,0
18.81,0
18.811,0
18.812,0
18.813,0
18.814,0
18.815,0
18.816,0
18.817,0
18.818,0
18.819,0
18.82,0
18.821,0
18.822,0
18.823,0
18.824,16064
18.825,0
18.826,0
18.827,0
18.828,0
18.829,0
18.83,0
18.831,0
18.832,0
18.833,0
18.834,0
18.835,0
18.836,0
18.837,0
18.838,0
18.839,0
18.84,0
18.841,0
18.842,0
18.843,16064
18.844,0
18.845,0
18.846,0
18.847,0
18.848,0
18.849,0
18.85,0
18.851,0
18.852,0
18.853,0
18.854,0
18.855,0
18.856,0
18.857,0
18.858,0
18.859,0
18.86,16064
18.861,0
18.862,0
18.863,0
18.864,0
18.865,0
18.866,0
18.867,0
18.868,0
18.869,0
18.87,0
18.871,0
18.872,0
18.873,0
18.874,0
18.875,0
18.876,0
18.877,0
18.878,0
18.879,16064
18.88,0
18.881,0
18.882,0
18.883,0
18.884,0
18.885,0
18.886,0
18.887,0
18.888,0
18.889,0
18.89,0
18.891,0
18.892,0
18.893,0
18.894,0
18.895,0
18.896,16064
18.897,0
18.898,0
18.899,0
18.9,0
18.901,0
18.902,0
18.903,0
18.904,0
18.905,0
18.906,0
18.907,0
18.908,0
18.909,0
18.91,0
18.911,0
18.912,0
18.913,0
18.914,0
18.915,0
18.916,16064
18.917,0
18.918,0
18.919,0
18.92,0
18.921,0
18.922,0
18.923,0
18.924,0
18.925,0
18.926,0
18.927,0
18.928,0
18.929,0
18.93,0
18.931,0
18.932,0
18.933,16064
18.934,0
18.935,0
18.936,0
18.937,0
18.938,0
18.939,0
18.94,0
18.941,0
18.942,0
18.943,0
18.944,0
18.945,0
18.946,0
18.947,0
18.948,0
18.949,0
18.95,0
18.951,0
18.952,16064
18.953,0
18.954,0
18.955,0
18.956,0
18.957,0
18.958,0
18.959,0
18.96,0
18.961,0
18.962,0
18.963,0
18.964,0
18.965,0
18.966,0
18.967,0
18.968,0
18.969,0
18.97,16064
18.971,0
18.972,0
18.973,0
18.974,0
18.975,0
18.976,0
18.977,0
18.978,0
18.979,0
18.98,0
18.981,0
18.982,0
18.983,0
18.984,0
18.985,0
18.986,0
18.987,0
18.988,16064
18.989,0
18.99,0
18.991,0
18.992,0
18.993,0
18.994,0
18.995,0
18.996,0
18.997,0
18.998,0
18.999,0
19,0
19.001,0
19.002,0
19.003,0
19.004,0
19.005,0
19.006,0
19.007,0
19.008,0
19.009,0
19.01,16064
19.011,0
19.012,0
19.013,0
19.014,0
19.015,0
19.016,0
19.017,0
19.018,0
19.019,0
19.02,0
19.021,0
19.022,0
19.023,0
19.024,0
19.025,0
19.026,0
19.027,0
19.028,0
19.029,0
19.03,0
19.031,0
19.032,0
19.033,0
19.034,0
19.035,0
19.036,0
19.037,0
19.038,0
19.039,0
19.04,16064
19.041,0
19.042,0
19.043,0
19.044,16064
19.045,0
19.046,0
19.047,0
19.048,0
19.049,0
19.05,0
19.051,0
19.052,0
19.053,0
19.054,0
19.055,0
19.056,0
19.057,0
19.058,0
19.059,0
19.06,16064
19.061,0
19.062,0
19.063,0
19.064,0
19.065,0
19.066,0
19.067,0
19.068,0
19.069,0
19.07,0
19.071,0
19.072,0
19.073,0
19.074,0
19.075,0
19.076,0
19.077,0
19.078,16064
19.079,0
19.08,0
19.081,0
19.082,0
19.083,0
19.084,0
19.085,0
19.086,0
19.087,0
19.088,0
19.089,0
19.09,0
19.091,0
19.092,0
19.093,0
19.094,0
19.095,16064
19.096,0
19.097,0
19.098,0
19.099,0
19.1,0
19.101,0
19.102,0
19.103,0
19.104,0
19.105,0
19.106,0
19.107,0
19.108,0
19.109,0
19.11,0
19.111,0
19.112,0
19.113,0
19.114,16064
19.115,0
19.116,0
19.117,0
19.118,0
19.119,0
19.12,0
19.121,0
19.122,0
19.123,0
19.124,0
19.125,0
19.126,0
19.127,0
19.128,0
19.129,0
19.13,0
19.131,0
19.132,16064
19.133,0
19.134,0
19.135,0
19.136,0
19.137,0
19.138,0
19.139,0
19.14,0
19.141,0
19.142,0
19.143,0
19.144,0
19.145,0
19.146,0
19.147,0
19.148,0
19.149,0
19.15,0
19.151,16064
19.152,0
19.153,0
19.154,0
19.155,0
19.156,0
19.157,0
19.158,0
19.159,0
19.16,0
19.161,0
19.162,0
19.163,0
19.164,0
19.165,0
19.166,0
19.167,0
19.168,0
19.169,16064
19.17,0
19.171,0
19.172,0
19.173,0
19.174,0
19.175,0
19.176,0
19.177,0
19.178,0
19.179,0
19.18,0
19.181,0
19.182,0
19.183,0
19.184,0
19.185,0
19.186,16064
19.187,0
19.188,0
19.189,0
19.19,0
19.191,0
19.192,0
19.193,0
19.194,0
19.195,0
19.196,0
19.197,0
19.198,0
19.199,0
19.2,0
19.201,0
19.202,0
19.203,0
19.204,0
19.205,0
19.206,0
19.207,16064
19.208,0
19.209,0
19.21,0
19.211,0
19.212,0
19.213,0
19.214,0
19.215,0
19.216,0
19.217,0
19.218,0
19.219,0
19.22,0
19.221,0
19.222,16064
19.223,0
19.224,0
19.225,0
19.226,0
19.227,0
19.228,0
19.229,0
19.23,0
19.231,0
19.232,0
19.233,0
19.234,0
19.235,0
19.236,0
19.237,0
19.238,0
19.239,0
19.24,0
19.241,16064
19.242,0
19.243,0
19.244,0
19.245,0
19.246,0
19.247,0
19.248,0
19.249,0
19.25,0
19.251,0
19.252,0
19.253,0
19.254,0
19.255,0
19.256,0
19.257,0
19.258,0
19.259,16064
19.26,0
19.261,0
19.262,0
19.263,0
19.264,0
19.265,0
19.266,0
19.267,0
19.268,0
19.269,0
19.27,0
19.271,0
19.272,0
19.273,0
19.274,0
19.275,0
19.276,0
19.277,0
19.278,16064
19.279,0
19.28,0
19.281,0
19.282,0
19.283,0
19.284,0
19.285,0
19.286,0
19.287,0
19.288,0
19.289,0
19.29,0
19.291,0
19.292,0
19.293,0
19.294,0
19.295,0
19.296,0
19.297,16064
19.298,0
19.299,0
19.3,0
19.301,0
19.302,0
19.303,0
19.304,0
19.305,0
19.306,0
19.307,0
19.308,0
19.309,0
19.31,0
19.311,0
19.312,0
19.313,0
19.314,0
19.315,0
19.316,16064
19.317,0
19.318,0
19.319,0
19.32,0
19.321,0
19.322,0
19.323,0
19.324,0
19.325,0
19.326,0
19.327,0
19.328,0
19.329,0
19.33,0
19.331,0
19.332,0
19.333,16064
19.334,0
19.335,0
19.336,0
19.337,0
19.338,0
19.339,0
19.34,0
19.341,0
19.342,0
19.343,0
19.344,0
19.345,0
19.346,0
19.347,0
19.348,0
19.349,0
19.35,16064
19.351,0
19.352,0
19.353,0
19.354,0
19.355,0
19.356,0
19.357,0
19.358,0
19.359,0
19.36,0
19.361,0
19.362,0
19.363,0
19.364,0
19.365,0
19.366,0
19.367,0
19.368,16064
19.369,0
19.37,0
19.371,0
19.372,0
19.373,0
19.374,0
19.375,0
19.376,0
19.377,0
19.378,0
19.379,0
19.38,0
19.381,0
19.382,0
19.383,0
19.384,0
19.385,0
19.386,0
19.387,16064
19.388,0
19.389,0
19.39,0
19.391,0
19.392,0
19.393,0
19.394,0
19.395,0
19.396,0
19.397,0
19.398,0
19.399,0
19.4,0
19.401,0
19.402,0
19.403,0
19.404,16064
19.405,0
19.406,0
19.407,0
19.408,0
19.409,0
19.41,0
19.411,0
19.412,0
19.413,0
19.414,0
19.415,0
19.416,0
19.417,0
19.418,0
19.419,0
19.42,0
19.421,16064
19.422,0
19.423,0
19.424,0
19.425,0
19.426,0
19.427,0
19.428,0
19.429,0
19.43,0
19.431,0
19.432,0
19.433,0
19.434,0
19.435,0
19.436,0
19.437,0
19.438,0
19.439,0
19.44,16064
19.441,0
19.442,0
19.443,0
19.444,0
19.445,0
19.446,0
19.447,0
19.448,0
19.449,0
19.45,0
19.451,0
19.452,0
19.453,0
19.454,0
19.455,0
19.456,0
19.457,0
19.458,0
19.459,0
19.46,16064
19.461,0
19.462,0
19.463,0
19.464,0
19.465,0
19.466,0
19.467,0
19.468,0
19.469,0
19.47,0
19.471,0
19.472,0
19.473,0
19.474,0
19.475,0
19.476,0
19.477,16064
19.478,0
19.479,0
19.48,0
19.481,0
19.482,0
19.483,0
19.484,0
19.485,0
19.486,0
19.487,0
19.488,0
19.489,0
19.49,0
19.491,0
19.492,0
19.493,0
19.494,0
19.495,16064
19.496,0
19.497,0
19.498,0
19.499,0
19.5,0
19.501,0
19.502,0
19.503,0
19.504,0
19.505,0
19.506,0
19.507,0
19.508,0
19.509,0
19.51,0
19.511,0
19.512,16064
19.513,0
19.514,0
19.515,0
19.516,0
19.517,0
19.518,0
19.519,0
19.52,0
19.521,0
19.522,0
19.523,0
19.524,0
19.525,0
19.526,0
19.527,0
19.528,0
19.529,0
19.53,0
19.531,16064
19.532,0
19.533,0
19.534,0
19.535,0
19.536,0
19.537,0
19.538,0
19.539,0
19.54,0
19.541,0
19.542,0
19.543,0
19.544,0
19.545,0
19.546,0
19.547,0
19.548,0
19.549,0
19.55,0
19.551,0
19.552,0
19.553,16064
19.554,0
19.555,0
19.556,0
19.557,0
19.558,0
19.559,0
19.56,0
19.561,0
19.562,0
19.563,0
19.564,0
19.565,0
19.566,0
19.567,0
19.568,16064
19.569,0
19.57,0
19.571,0
19.572,0
19.573,0
19.574,0
19.575,0
19.576,0
19.577,0
19.578,0
19.579,0
19.58,0
19.581,0
19.582,0
19.583,0
19.584,0
19.585,0
19.586,16064
19.587,0
19.588,0
19.589,0
19.59,0
19.591,0
19.592,0
19.593,0
19.594,0
19.595,0
19.596,0
19.597,0
19.598,0
19.599,0
19.6,0
19.601,0
19.602,0
19.603,0
19.604,16064
19.605,0
19.606,0
19.607,0
19.608,0
19.609,0
19.61,0
19.611,0
19.612,0
19.613,0
19.614,0
19.615,0
19.616,0
19.617,0
19.618,0
19.619,0
19.62,0
19.621,0
19.622,16064
19.623,0
19.624,0
19.625,0
19.626,0
19.627,0
19.628,0
19.629,0
19.63,0
19.631,0
19.632,0
19.633,0
19.634,0
19.635,0
19.636,0
19.637,0
19.638,0
19.639,0
19.64,0
19.641,16064
19.642,0
19.643,0
19.644,0
19.645,0
19.646,0
19.647,0
19.648,0
19.649,0
19.65,0
19.651,0
19.652,0
19.653,0
19.654,0
19.655,0
19.656,0
19.657,16064
19.658,0
19.659,0
19.66,0
19.661,0
19.662,0
19.663,0
19.664,0
19.665,0
19.666,0
19.667,0
19.668,0
19.669,0
19.67,0
19.671,0
19.672,0
19.673,0
19.674,0
19.675,0
19.676,16064
19.677,0
19.678,0
19.679,0
19.68,0
19.681,0
19.682,0
19.683,0
19.684,0
19.685,0
19.686,0
19.687,0
19.688,0
19.689,0
19.69,0
19.691,0
19.692,0
19.693,16064
19.694,0
19.695,0
19.696,0
19.697,0
19.698,0
19.699,0
19.7,0
19.701,0
19.702,0
19.703,0
19.704,0
19.705,0
19.706,0
19.707,0
19.708,0
19.709,0
19.71,0
19.711,12080
19.712,4304
19.713,0
19.714,0
19.715,0
19.716,0
19.717,0
19.718,0
19.719,0
19.72,0
19.721,0
19.722,0
19.723,0
19.724,0
19.725,0
19.726,0
19.727,0
19.728,0
19.729,16064
19.73,0
19.731,0
19.732,0
19.733,0
19.734,0
19.735,0
19.736,0
19.737,0
19.738,0
19.739,0
19.74,0
19.741,0
19.742,0
19.743,0
19.744,0
19.745,0
19.746,0
19.747,0
19.748,16064
19.749,0
19.75,0
19.751,0
19.752,0
19.753,0
19.754,0
19.755,0
19.756,0
19.757,0
19.758,0
19.759,0
19.76,0
19.761,0
19.762,0
19.763,0
19.764,0
19.765,16064
19.766,0
19.767,0
19.768,0
19.769,0
19.77,0
19.771,0
19.772,0
19.773,0
19.774,0
19.775,0
19.776,0
19.777,0
19.778,0
19.779,0
19.78,0
19.781,0
19.782,0
19.783,12080
19.784,0
19.785,4304
19.786,0
19.787,0
19.788,0
19.789,0
19.79,0
19.791,0
19.792,0
19.793,0
19.794,0
19.795,0
19.796,0
19.797,0
19.798,0
19.799,0
19.8,0
19.801,0
19.802,0
19.803,16064
19.804,0
19.805,0
19.806,0
19.807,0
19.808,0
19.809,0
19.81,0
19.811,0
19.812,0
19.813,0
19.814,0
19.815,0
19.816,0
19.817,0
19.818,0
19.819,0
19.82,0
19.821,16064
19.822,0
19.823,0
19.824,0
19.825,0
19.826,0
19.827,0
19.828,0
19.829,0
19.83,0
19.831,0
19.832,0
19.833,0
19.834,0
19.835,0
19.836,0
19.837,0
19.838,0
19.839,16064
19.84,0
19.841,0
19.842,0
19.843,0
19.844,0
19.845,0
19.846,0
19.847,0
19.848,0
19.849,0
19.85,0
19.851,0
19.852,0
19.853,0
19.854,0
19.855,0
19.856,0
19.857,16064
19.858,0
19.859,0
19.86,0
19.861,0
19.862,0
19.863,0
19.864,0
19.865,0
19.866,0
19.867,0
19.868,0
19.869,0
19.87,0
19.871,0
19.872,0
19.873,0
19.874,16064
19.875,0
19.876,0
19.877,0
19.878,0
19.879,0
19.88,0
19.881,0
19.882,0
19.883,0
19.884,0
19.885,0
19.886,0
19.887,0
19.888,0
19.889,0
19.89,0
19.891,0
19.892,0
19.893,0
19.894,0
19.895,16064
19.896,0
19.897,0
19.898,0
19.899,0
19.9,0
19.901,0
19.902,0
19.903,0
19.904,0
19.905,0
19.906,0
19.907,0
19.908,0
19.909,0
19.91,0
19.911,16064
19.912,0
19.913,0
19.914,0
19.915,0
19.916,0
19.917,0
19.918,0
19.919,0
19.92,0
19.921,0
19.922,0
19.923,0
19.924,0
19.925,0
19.926,0
19.927,0
19.928,16064
19.929,0
19.93,0
19.931,0
19.932,0
19.933,0
19.934,0
19.935,0
19.936,0
19.937,0
19.938,0
19.939,0
19.94,0
19.941,0
19.942,0
19.943,0
19.944,0
19.945,0
19.946,0
19.947,16064
19.948,0
19.949,0
19.95,0
19.951,0
19.952,0
19.953,0
19.954,0
19.955,0
19.956,0
19.957,0
19.958,0
19.959,0
19.96,0
19.961,0
19.962,0
19.963,0
19.964,0
19.965,0
19.966,16064
19.967,0
19.968,0
19.969,0
19.97,0
19.971,0
19.972,0
19.973,0
19.974,0
19.975,0
19.976,0
19.977,0
19.978,0
19.979,0
19.98,0
19.981,0
19.982,0
19.983,16064
19.984,0
19.985,0
19.986,0
19.987,0
19.988,0
19.989,0
19.99,0
19.991,0
19.992,0
19.993,0
19.994,0
19.995,0
19.996,0
19.997,0
19.998,0
19.999,0
20,0
20.001,0
20.002,0
20.003,0
20.004,16064
20.005,0
20.006,0
20.007,0
20.008,0
20.009,0
20.01,0
20.011,0
20.012,0
20.013,0
20.014,0
20.015,0
20.016,0
20.017,0
20.018,16064
20.019,0
20.02,0
20.021,0
20.022,0
20.023,0
20.024,0
20.025,0
20.026,0
20.027,0
20.028,0
20.029,0
20.03,0
20.031,0
20.032,0
20.033,0
20.034,0
20.035,0
20.036,16064
20.037,0
20.038,0
20.039,0
20.04,0
20.041,0
20.042,0
20.043,0
20.044,0
20.045,0
20.046,0
20.047,0
20.048,0
20.049,0
20.05,0
20.051,0
20.052,0
20.053,0
20.054,0
20.055,16064
20.056,0
20.057,0
20.058,0
20.059,0
20.06,0
20.061,0
20.062,0
20.063,0
20.064,0
20.065,0
20.066,0
20.067,0
20.068,0
20.069,0
20.07,0
20.071,0
20.072,0
20.073,0
20.074,0
20.075,16064
20.076,0
20.077,0
20.078,0
20.079,0
20.08,0
20.081,0
20.082,0
20.083,0
20.084,0
20.085,0
20.086,0
20.087,0
20.088,0
20.089,0
20.09,0
20.091,0
20.092,0
20.093,16064
20.094,0
20.095,0
20.096,0
20.097,0
20.098,0
20.099,0
20.1,0
20.101,0
20.102,0
20.103,0
20.104,0
20.105,0
20.106,0
20.107,0
20.108,0
20.109,0
20.11,16064
20.111,0
20.112,0
20.113,0
20.114,0
20.115,0
20.116,0
20.117,0
20.118,0
20.119,0
20.12,0
20.121,0
20.122,0
20.123,0
20.124,0
20.125,0
20.126,0
20.127,16064
20.128,0
20.129,0
20.13,0
20.131,0
20.132,0
20.133,0
20.134,0
20.135,0
20.136,0
20.137,0
20.138,0
20.139,0
20.14,0
20.141,0
20.142,0
20.143,0
20.144,0
20.145,0
20.146,16064
20.147,0
20.148,0
20.149,0
20.15,0
20.151,0
20.152,0
20.153,0
20.154,0
20.155,0
20.156,0
20.157,0
20.158,0
20.159,0
20.16,0
20.161,0
20.162,0
20.163,0
20.164,16064
20.165,0
20.166,0
20.167,0
20.168,0
20.169,0
20.17,0
20.171,0
20.172,0
20.173,0
20.174,0
20.175,0
20.176,0
20.177,0
20.178,0
20.179,0
20.18,0
20.181,0
20.182,16064
20.183,0
20.184,0
20.185,0
20.186,0
20.187,0
20.188,0
20.189,0
20.19,0
20.191,0
20.192,0
20.193,0
20.194,0
20.195,0
20.196,0
20.197,0
20.198,0
20.199,0
20.2,16064
20.201,0
20.202,0
20.203,0
20.204,0
20.205,0
20.206,0
20.207,0
20.208,0
20.209,0
20.21,0
20.211,0
20.212,0
20.213,0
20.214,0
20.215,0
20.216,0
20.217,0
20.218,16064
20.219,0
20.22,0
20.221,0
20.222,0
20.223,0
20.224,0
20.225,0
20.226,0
20.227,0
20.228,0
20.229,0
20.23,0
20.231,0
20.232,0
20.233,0
20.234,0
20.235,0
20.236,16064
20.237,0
20.238,0
20.239,0
20.24,0
20.241,0
20.242,0
20.243,0
20.244,0
20.245,0
20.246,0
20.247,0
20.248,0
20.249,0
20.25,0
20.251,0
20.252,0
20.253,0
20.254,0
20.255,0
20.256,16064
20.257,0
20.258,0
20.259,0
20.26,0
20.261,0
20.262,0
20.263,0
20.264,0
20.265,0
20.266,0
20.267,0
20.268,0
20.269,0
20.27,0
20.271,0
20.272,0
20.273,16064
20.274,0
20.275,0
20.276,0
20.277,0
20.278,0
20.279,0
20.28,0
20.281,0
20.282,0
20.283,0
20.284,0
20.285,0
20.286,0
20.287,0
20.288,0
20.289,0
20.29,0
20.291,0
20.292,16064
20.293,0
20.294,0
20.295,0
20.296,0
20.297,0
20.298,0
20.299,0
20.3,0
20.301,0
20.302,0
20.303,0
20.304,0
20.305,0
20.306,0
20.307,0
20.308,0
20.309,0
20.31,16064
20.311,0
20.312,0
20.313,0
20.314,0
20.315,0
20.316,0
20.317,0
20.318,0
20.319,0
20.32,0
20.321,0
20.322,0
20.323,0
20.324,0
20.325,0
20.326,12080
20.327,4304
20.328,0
20.329,0
20.33,0
20.331,0
20.332,0
20.333,0
20.334,0
20.335,0
20.336,0
20.337,0
20.338,0
20.339,0
20.34,0
20.341,0
20.342,0
20.343,16064
20.344,0
20.345,0
20.346,0
20.347,0
20.348,0
20.349,0
20.35,0
20.351,0
20.352,0
20.353,0
20.354,0
20.355,0
20.356,0
20.357,0
20.358,0
20.359,0
20.36,0
20.361,0
20.362,16064
20.363,0
20.364,0
20.365,0
20.366,0
20.367,0
20.368,0
20.369,0
20.37,0
20.371,0
20.372,0
20.373,0
20.374,0
20.375,0
20.376,0
20.377,0
20.378,0
20.379,0
20.38,16064
20.381,0
20.382,0
20.383,0
20.384,0
20.385,0
20.386,0
20.387,0
20.388,0
20.389,0
20.39,0
20.391,0
20.392,0
20.393,0
20.394,0
20.395,0
20.396,0
20.397,0
20.398,0
20.399,16064
20.4,0
20.401,0
20.402,0
20.403,0
20.404,0
20.405,0
20.406,0
20.407,0
20.408,0
20.409,0
20.41,0
20.411,0
20.412,0
20.413,0
20.414,0
20.415,0
20.416,16064
20.417,0
20.418,0
20.419,0
20.42,0
20.421,0
20.422,0
20.423,0
20.424,0
20.425,0
20.426,0
20.427,0
20.428,0
20.429,0
20.43,0
20.431,0
20.432,0
20.433,0
20.434,0
20.435,16064
20.436,0
20.437,0
20.438,0
20.439,0
20.44,0
20.441,0
20.442,0
20.443,0
20.444,0
20.445,0
20.446,0
20.447,0
20.448,0
20.449,0
20.45,0
20.451,0
20.452,0
20.453,0
20.454,16064
20.455,0
20.456,0
20.457,0
20.458,0
20.459,0
20.46,0
20.461,0
20.462,0
20.463,0
20.464,0
20.465,0
20.466,0
20.467,0
20.468,0
20.469,0
20.47,0
20.471,16064
20.472,0
20.473,0
20.474,0
20.475,0
20.476,0
20.477,0
20.478,0
20.479,0
20.48,0
20.481,0
20.482,0
20.483,0
20.484,0
20.485,0
20.486,0
20.487,0
20.488,0
20.489,0
20.49,16064
20.491,0
20.492,0
20.493,0
20.494,0
20.495,0
20.496,0
20.497,0
20.498,0
20.499,0
20.5,0
20.501,0
20.502,0
20.503,0
20.504,0
20.505,0
20.506,0
20.507,0
20.508,16064
20.509,0
20.51,0
20.511,0
20.512,0
20.513,0
20.514,0
20.515,0
20.516,0
20.517,0
20.518,0
20.519,0
20.52,0
20.521,0
20.522,0
20.523,0
20.524,0
20.525,0
20.526,0
20.527,16064
20.528,0
20.529,0
20.53,0
20.531,0
20.532,0
20.533,0
20.534,0
20.535,0
20.536,0
20.537,0
20.538,0
20.539,0
20.54,0
20.541,0
20.542,0
20.543,0
20.544,0
20.545,16064
20.546,0
20.547,0
20.548,0
20.549,0
20.55,0
20.551,0
20.552,0
20.553,0
20.554,0
20.555,0
20.556,0
20.557,0
20.558,0
20.559,0
20.56,0
20.561,0
20.562,0
20.563,0
20.564,16064
20.565,0
20.566,0
20.567,0
20.568,0
20.569,0
20.57,0
20.571,0
20.572,0
20.573,0
20.574,0
20.575,0
20.576,0
20.577,0
20.578,0
20.579,0
20.58,0
20.581,16064
20.582,0
20.583,0
20.584,0
20.585,0
20.586,0
20.587,0
20.588,0
20.589,0
20.59,0
20.591,0
20.592,0
20.593,0
20.594,0
20.595,0
20.596,0
20.597,0
20.598,0
20.599,0
20.6,16064
20.601,0
20.602,0
20.603,0
20.604,0
20.605,0
20.606,0
20.607,0
20.608,0
20.609,0
20.61,0
20.611,0
20.612,0
20.613,0
20.614,0
20.615,0
20.616,0
20.617,16064
20.618,0
20.619,0
20.62,0
20.621,0
20.622,0
20.623,0
20.624,0
20.625,0
20.626,0
20.627,0
20.628,0
20.629,0
20.63,0
20.631,0
20.632,0
20.633,0
20.634,16064
20.635,0
20.636,0
20.637,0
20.638,0
20.639,0
20.64,0
20.641,0
20.642,0
20.643,0
20.644,0
20.645,0
20.646,0
20.647,0
20.648,0
20.649,0
20.65,0
20.651,0
20.652,16064
20.653,0
20.654,0
20.655,0
20.656,0
20.657,0
20.658,0
20.659,0
20.66,0
20.661,0
20.662,0
20.663,0
20.664,0
20.665,0
20.666,0
20.667,0
20.668,0
20.669,0
20.67,0
20.671,16064
20.672,0
20.673,0
20.674,0
20.675,0
20.676,0
20.677,0
20.678,0
20.679,0
20.68,0
20.681,0
20.682,0
20.683,0
20.684,0
20.685,0
20.686,0
20.687,0
20.688,16064
20.689,0
20.69,0
20.691,0
20.692,0
20.693,0
20.694,0
20.695,0
20.696,0
20.697,0
20.698,0
20.699,0
20.7,0
20.701,0
20.702,0
20.703,0
20.704,0
20.705,0
20.706,0
20.707,16064
20.708,0
20.709,0
20.71,0
20.711,0
20.712,0
20.713,0
20.714,0
20.715,0
20.716,0
20.717,0
20.718,0
20.719,0
20.72,0
20.721,0
20.722,0
20.723,0
20.724,0
20.725,16064
20.726,0
20.727,0
20.728,0
20.729,0
20.73,0
20.731,0
20.732,0
20.733,0
20.734,0
20.735,0
20.736,0
20.737,0
20.738,0
20.739,0
20.74,0
20.741,0
20.742,0
20.743,16064
20.744,0
20.745,0
20.746,0
20.747,0
20.748,0
20.749,0
20.75,0
20.751,0
20.752,0
20.753,0
20.754,0
20.755,0
20.756,0
20.757,0
20.758,0
20.759,0
20.76,0
20.761,0
20.762,16064
20.763,0
20.764,0
20.765,0
20.766,0
20.767,0
20.768,0
20.769,0
20.77,0
20.771,0
20.772,0
20.773,0
20.774,0
20.775,0
20.776,0
20.777,0
20.778,0
20.779,0
20.78,16064
20.781,0
20.782,0
20.783,0
20.784,0
20.785,0
20.786,0
20.787,0
20.788,0
20.789,0
20.79,0
20.791,0
20.792,0
20.793,0
20.794,0
20.795,0
20.796,0
20.797,16064
20.798,0
20.799,0
20.8,0
20.801,0
20.802,0
20.803,0
20.804,0
20.805,0
20.806,0
20.807,0
20.808,0
20.809,0
20.81,0
20.811,0
20.812,0
20.813,0
20.814,0
20.815,0
20.816,0
20.817,16064
20.818,0
20.819,0
20.82,0
20.821,0
20.822,0
20.823,0
20.824,0
20.825,0
20.826,0
20.827,0
20.828,0
20.829,0
20.83,0
20.831,0
20.832,0
20.833,0
20.834,0
20.835,0
20.836,0
20.837,16064
20.838,0
20.839,0
20.84,0
20.841,0
20.842,0
20.843,0
20.844,0
20.845,0
20.846,0
20.847,0
20.848,0
20.849,0
20.85,0
20.851,0
20.852,0
20.853,0
20.854,16064
20.855,0
20.856,0
20.857,0
20.858,0
20.859,0
20.86,0
20.861,0
20.862,0
20.863,0
20.864,0
20.865,0
20.866,0
20.867,0
20.868,0
20.869,0
20.87,0
20.871,0
20.872,0
20.873,16064
20.874,0
20.875,0
20.876,0
20.877,0
20.878,0
20.879,0
20.88,0
20.881,0
20.882,0
20.883,0
20.884,0
20.885,0
20.886,0
20.887,0
20.888,0
20.889,0
20.89,0
20.891,16064
20.892,0
20.893,0
20.894,0
20.895,0
20.896,0
20.897,0
20.898,0
20.899,0
20.9,0
20.901,0
20.902,0
20.903,0
20.904,0
20.905,0
20.906,0
20.907,0
20.908,0
20.909,0
20.91,0
20.911,16064
20.912,0
20.913,0
20.914,0
20.915,0
20.916,0
20.917,0
20.918,0
20.919,0
20.92,0
20.921,0
20.922,0
20.923,0
20.924,0
20.925,0
20.926,16064
20.927,0
20.928,0
20.929,0
20.93,0
20.931,0
20.932,0
20.933,0
20.934,0
20.935,0
20.936,0
20.937,0
20.938,0
20.939,0
20.94,0
20.941,0
20.942,0
20.943,0
20.944,0
20.945,16064
20.946,0
20.947,0
20.948,0
20.949,0
20.95,0
20.951,0
20.952,0
20.953,0
20.954,0
20.955,0
20.956,0
20.957,0
20.958,0
20.959,0
20.96,0
20.961,0
20.962,16064
20.963,0
20.964,0
20.965,0
20.966,0
20.967,0
20.968,0
20.969,0
20.97,0
20.971,0
20.972,0
20.973,0
20.974,0
20.975,0
20.976,0
20.977,0
20.978,0
20.979,0
20.98,0
20.981,16064
20.982,0
20.983,0
20.984,0
20.985,0
20.986,0
20.987,0
20.988,0
20.989,0
20.99,0
20.991,0
20.992,0
20.993,0
20.994,0
20.995,0
20.996,0
20.997,0
20.998,0
20.999,0
21,0
21.001,16064
21.002,0
21.003,0
21.004,0
21.005,0
21.006,0
21.007,0
21.008,0
21.009,0
21.01,0
21.011,0
21.012,0
21.013,0
21.014,0
21.015,0
21.016,0
21.017,0
21.018,16064
21.019,0
21.02,0
21.021,0
21.022,0
21.023,0
21.024,0
21.025,0
21.026,0
21.027,0
21.028,0
21.029,0
21.03,0
21.031,0
21.032,0
21.033,0
21.034,0
21.035,0
21.036,0
21.037,16064
21.038,0
21.039,0
21.04,0
21.041,0
21.042,0
21.043,0
21.044,0
21.045,0
21.046,0
21.047,0
21.048,0
21.049,0
21.05,0
21.051,0
21.052,0
21.053,0
21.054,0
21.055,16064
21.056,0
21.057,0
21.058,0
21.059,0
21.06,0
21.061,0
21.062,0
21.063,0
21.064,0
21.065,0
21.066,0
21.067,0
21.068,0
21.069,0
21.07,0
21.071,0
21.072,0
21.073,16064
21.074,0
21.075,0
21.076,0
21.077,0
21.078,0
21.079,0
21.08,0
21.081,0
21.082,0
21.083,0
21.084,0
21.085,0
21.086,0
21.087,0
21.088,0
21.089,0
21.09,0
21.091,16064
21.092,0
21.093,0
21.094,0
21.095,0
21.096,0
21.097,0
21.098,0
21.099,0
21.1,0
21.101,0
21.102,0
21.103,0
21.104,0
21.105,0
21.106,0
21.107,0
21.108,0
21.109,0
21.11,0
21.111,16064
21.112,0
21.113,0
21.114,0
21.115,0
21.116,0
21.117,0
21.118,0
21.119,0
21.12,0
21.121,0
21.122,0
21.123,0
21.124,0
21.125,0
21.126,0
21.127,0
21.128,16064
21.129,0
21.13,0
21.131,0
21.132,0
21.133,0
21.134,0
21.135,0
21.136,0
21.137,0
21.138,0
21.139,0
21.14,0
21.141,0
21.142,0
21.143,0
21.144,0
21.145,16064
21.146,0
21.147,0
21.148,0
21.149,0
21.15,0
21.151,0
21.152,0
21.153,0
21.154,0
21.155,0
21.156,0
21.157,0
21.158,0
21.159,0
21.16,0
21.161,0
21.162,0
21.163,16064
21.164,0
21.165,0
21.166,0
21.167,0
21.168,0
21.169,0
21.17,0
21.171,0
21.172,0
21.173,0
21.174,0
21.175,0
21.176,0
21.177,0
21.178,0
21.179,0
21.18,0
21.181,16064
21.182,0
21.183,0
21.184,0
21.185,0
21.186,0
21.187,0
21.188,0
21.189,0
21.19,0
21.191,0
21.192,0
21.193,0
21.194,0
21.195,0
21.196,0
21.197,0
21.198,0
21.199,0
21.2,16064
21.201,0
21.202,0
21.203,0
21.204,0
21.205,0
21.206,0
21.207,0
21.208,0
21.209,0
21.21,0
21.211,0
21.212,0
21.213,0
21.214,0
21.215,0
21.216,0
21.217,0
21.218,16064
21.219,0
21.22,0
21.221,0
21.222,0
21.223,0
21.224,0
21.225,0
21.226,0
21.227,0
21.228,0
21.229,0
21.23,0
21.231,0
21.232,0
21.233,0
21.234,0
21.235,0
21.236,16064
21.237,0
21.238,0
21.239,0
21.24,0
21.241,0
21.242,0
21.243,0
21.244,0
21.245,0
21.246,0
21.247,0
21.248,0
21.249,0
21.25,0
21.251,0
21.252,0
21.253,16064
21.254,0
21.255,0
21.256,0
21.257,0
21.258,0
21.259,0
21.26,0
21.261,0
21.262,0
21.263,0
21.264,0
21.265,0
21.266,0
21.267,0
21.268,0
21.269,0
21.27,0
21.271,16064
21.272,0
21.273,0
21.274,0
21.275,0
21.276,0
21.277,0
21.278,0
21.279,0
21.28,0
21.281,0
21.282,0
21.283,0
21.284,0
21.285,0
21.286,0
21.287,0
21.288,0
21.289,16064
21.29,0
21.291,0
21.292,0
21.293,0
21.294,0
21.295,0
21.296,0
21.297,0
21.298,0
21.299,0
21.3,0
21.301,0
21.302,0
21.303,0
21.304,0
21.305,0
21.306,0
21.307,0
21.308,16064
21.309,0
21.31,0
21.311,0
21.312,0
21.313,0
21.314,0
21.315,0
21.316,0
21.317,0
21.318,0
21.319,0
21.32,0
21.321,0
21.322,0
21.323,0
21.324,0
21.325,16064
21.326,0
21.327,0
21.328,0
21.329,0
21.33,0
21.331,0
21.332,0
21.333,0
21.334,0
21.335,0
21.336,0
21.337,0
21.338,0
21.339,0
21.34,0
21.341,0
21.342,0
21.343,0
21.344,0
21.345,16064
21.346,0
21.347,0
21.348,0
21.349,0
21.35,0
21.351,0
21.352,0
21.353,0
21.354,0
21.355,0
21.356,0
21.357,0
21.358,0
21.359,0
21.36,0
21.361,0
21.362,16064
21.363,0
21.364,0
21.365,0
21.366,0
21.367,0
21.368,0
21.369,0
21.37,0
21.371,0
21.372,0
21.373,0
21.374,0
21.375,0
21.376,0
21.377,0
21.378,0
21.379,0
21.38,0
21.381,16064
21.382,0
21.383,0
21.384,0
21.385,0
21.386,0
21.387,0
21.388,0
21.389,0
21.39,0
21.391,0
21.392,0
21.393,0
21.394,0
21.395,0
21.396,0
21.397,0
21.398,0
21.399,16064
21.4,0
21.401,0
21.402,0
21.403,0
21.404,0
21.405,0
21.406,0
21.407,0
21.408,0
21.409,0
21.41,0
21.411,0
21.412,0
21.413,0
21.414,0
21.415,0
21.416,16064
21.417,0
21.418,0
21.419,0
21.42,0
21.421,0
21.422,0
21.423,0
21.424,0
21.425,0
21.426,0
21.427,0
21.428,0
21.429,0
21.43,0
21.431,0
21.432,0
21.433,0
21.434,0
21.435,16064
21.436,0
21.437,0
21.438,0
21.439,0
21.44,0
21.441,0
21.442,0
21.443,0
21.444,0
21.445,0
21.446,0
21.447,0
21.448,0
21.449,0
21.45,0
21.451,0
21.452,0
21.453,16064
21.454,0
21.455,0
21.456,0
21.457,0
21.458,0
21.459,0
21.46,0
21.461,0
21.462,0
21.463,0
21.464,0
21.465,0
21.466,0
21.467,0
21.468,0
21.469,0
21.47,16064
21.471,0
21.472,0
21.473,0
21.474,0
21.475,0
21.476,0
21.477,0
21.478,0
21.479,0
21.48,0
21.481,0
21.482,0
21.483,0
21.484,0
21.485,0
21.486,0
21.487,0
21.488,16064
21.489,0
21.49,0
21.491,0
21.492,0
21.493,0
21.494,0
21.495,0
21.496,0
21.497,0
21.498,0
21.499,0
21.5,0
21.501,0
21.502,0
21.503,0
21.504,0
21.505,0
21.506,16064
21.507,0
21.508,0
21.509,0
21.51,0
21.511,0
21.512,0
21.513,0
21.514,0
21.515,0
21.516,0
21.517,0
21.518,0
21.519,0
21.52,0
21.521,0
21.522,0
21.523,0
21.524,0
21.525,16064
21.526,0
21.527,0
21.528,0
21.529,0
21.53,0
21.531,0
21.532,0
21.533,0
21.534,0
21.535,0
21.536,0
21.537,0
21.538,0
21.539,0
21.54,0
21.541,16064
21.542,0
21.543,0
21.544,0
21.545,0
21.546,0
21.547,0
21.548,0
21.549,0
21.55,0
21.551,0
21.552,0
21.553,0
21.554,0
21.555,0
21.556,0
21.557,0
21.558,0
21.559,16064
21.56,0
21.561,0
21.562,0
21.563,0
21.564,0
21.565,0
21.566,0
21.567,0
21.568,0
21.569,0
21.57,0
21.571,0
21.572,0
21.573,0
21.574,0
21.575,0
21.576,0
21.577,16064
21.578,0
21.579,0
21.58,0
21.581,0
21.582,0
21.583,0
21.584,0
21.585,0
21.586,0
21.587,0
21.588,0
21.589,0
21.59,0
21.591,0
21.592,0
21.593,0
21.594,0
21.595,16064
21.596,0
21.597,0
21.598,0
21.599,0
21.6,0
21.601,0
21.602,0
21.603,0
21.604,0
21.605,0
21.606,0
21.607,0
21.608,0
21.609,0
21.61,0
21.611,0
21.612,0
21.613,0
21.614,16064
21.615,0
21.616,0
21.617,0
21.618,0
21.619,0
21.62,0
21.621,0
21.622,0
21.623,0
21.624,0
21.625,0
21.626,0
21.627,0
21.628,0
21.629,0
21.63,0
21.631,16064
21.632,0
21.633,0
21.634,0
21.635,0
21.636,0
21.637,0
21.638,0
21.639,0
21.64,0
21.641,0
21.642,0
21.643,0
21.644,0
21.645,0
21.646,0
21.647,0
21.648,0
21.649,0
21.65,0
21.651,16064
21.652,0
21.653,0
21.654,0
21.655,0
21.656,0
21.657,0
21.658,0
21.659,0
21.66,0
21.661,0
21.662,0
21.663,0
21.664,0
21.665,0
21.666,0
21.667,16064
21.668,0
21.669,0
21.67,0
21.671,0
21.672,0
21.673,0
21.674,0
21.675,0
21.676,0
21.677,0
21.678,0
21.679,0
21.68,0
21.681,0
21.682,0
21.683,0
21.684,0
21.685,0
21.686,16064
21.687,0
21.688,0
21.689,0
21.69,0
21.691,0
21.692,0
21.693,0
21.694,0
21.695,0
21.696,0
21.697,0
21.698,0
21.699,0
21.7,0
21.701,0
21.702,0
21.703,0
21.704,16064
21.705,0
21.706,0
21.707,0
21.708,0
21.709,0
21.71,0
21.711,0
21.712,0
21.713,0
21.714,0
21.715,0
21.716,0
21.717,0
21.718,0
21.719,0
21.72,0
21.721,16064
21.722,0
21.723,0
21.724,0
21.725,0
21.726,0
21.727,0
21.728,0
21.729,0
21.73,0
21.731,0
21.732,0
21.733,0
21.734,0
21.735,0
21.736,0
21.737,0
21.738,0
21.739,0
21.74,16064
21.741,0
21.742,0
21.743,0
21.744,0
21.745,0
21.746,0
21.747,0
21.748,0
21.749,0
21.75,0
21.751,0
21.752,0
21.753,0
21.754,0
21.755,0
21.756,0
21.757,0
21.758,16064
21.759,0
21.76,0
21.761,0
21.762,0
21.763,0
21.764,0
21.765,0
21.766,0
21.767,0
21.768,0
21.769,0
21.77,0
21.771,0
21.772,0
21.773,0
21.774,0
21.775,0
21.776,0
21.777,16064
21.778,0
21.779,0
21.78,0
21.781,0
21.782,0
21.783,0
21.784,0
21.785,0
21.786,0
21.787,0
21.788,0
21.789,0
21.79,0
21.791,0
21.792,0
21.793,0
21.794,16064
21.795,0
21.796,0
21.797,0
21.798,0
21.799,0
21.8,0
21.801,0
21.802,0
21.803,0
21.804,0
21.805,0
21.806,0
21.807,0
21.808,0
21.809,0
21.81,0
21.811,0
21.812,0
21.813,16064
21.814,0
21.815,0
21.816,0
21.817,0
21.818,0
21.819,0
21.82,0
21.821,0
21.822,0
21.823,0
21.824,0
21.825,0
21.826,0
21.827,0
21.828,0
21.829,0
21.83,0
21.831,0
21.832,0
21.833,16064
21.834,0
21.835,0
21.836,0
21.837,0
21.838,0
21.839,0
21.84,0
21.841,0
21.842,0
21.843,0
21.844,0
21.845,0
21.846,0
21.847,0
21.848,0
21.849,16064
21.85,0
21.851,0
21.852,0
21.853,0
21.854,0
21.855,0
21.856,0
21.857,0
21.858,0
21.859,0
21.86,0
21.861,0
21.862,0
21.863,0
21.864,0
21.865,0
21.866,16064
21.867,0
21.868,0
21.869,0
21.87,0
21.871,0
21.872,0
21.873,0
21.874,0
21.875,0
21.876,0
21.877,0
21.878,0
21.879,0
21.88,0
21.881,0
21.882,0
21.883,0
21.884,16064
21.885,0
21.886,0
21.887,0
21.888,0
21.889,0
21.89,0
21.891,0
21.892,0
21.893,0
21.894,0
21.895,0
21.896,0
21.897,0
21.898,0
21.899,0
21.9,0
21.901,0
21.902,16064
21.903,0
21.904,0
21.905,0
21.906,0
21.907,0
21.908,0
21.909,0
21.91,0
21.911,0
21.912,0
21.913,0
21.914,0
21.915,0
21.916,0
21.917,0
21.918,0
21.919,0
21.92,0
21.921,16064
21.922,0
21.923,0
21.924,0
21.925,0
21.926,0
21.927,0
21.928,0
21.929,0
21.93,0
21.931,0
21.932,0
21.933,0
21.934,0
21.935,0
21.936,0
21.937,0
21.938,0
21.939,16064
21.94,0
21.941,0
21.942,0
21.943,0
21.944,0
21.945,0
21.946,0
21.947,0
21.948,0
21.949,0
21.95,0
21.951,0
21.952,0
21.953,0
21.954,0
21.955,0
21.956,0
21.957,0
21.958,16064
21.959,0
21.96,0
21.961,0
21.962,0
21.963,0
21.964,0
21.965,0
21.966,0
21.967,0
21.968,0
21.969,0
21.97,0
21.971,0
21.972,0
21.973,0
21.974,0
21.975,16064
21.976,0
21.977,0
21.978,0
21.979,0
21.98,0
21.981,0
21.982,0
21.983,0
21.984,0
21.985,0
21.986,0
21.987,0
21.988,0
21.989,0
21.99,0
21.991,0
21.992,0
21.993,0
21.994,0
21.995,16064
21.996,0
21.997,0
21.998,0
21.999,0
22,0
22.001,0
22.002,0
22.003,0
22.004,0
22.005,0
22.006,0
22.007,0
22.008,0
22.009,0
22.01,0
22.011,0
22.012,16064
22.013,0
22.014,0
22.015,0
22.016,0
22.017,0
22.018,0
22.019,0
22.02,0
22.021,0
22.022,0
22.023,0
22.024,0
22.025,0
22.026,0
22.027,0
22.028,0
22.029,0
22.03,16064
22.031,0
22.032,0
22.033,0
22.034,0
22.035,0
22.036,0
22.037,0
22.038,0
22.039,0
22.04,0
22.041,0
22.042,0
22.043,0
22.044,0
22.045,0
22.046,0
22.047,16064
22.048,0
22.049,0
22.05,0
22.051,0
22.052,0
22.053,0
22.054,0
22.055,0
22.056,0
22.057,0
22.058,0
22.059,0
22.06,0
22.061,0
22.062,0
22.063,0
22.064,0
22.065,0
22.066,16064
22.067,0
22.068,0
22.069,0
22.07,0
22.071,0
22.072,0
22.073,0
22.074,0
22.075,0
22.076,0
22.077,0
22.078,0
22.079,0
22.08,0
22.081,0
22.082,0
22.083,16064
22.084,0
22.085,0
22.086,0
22.087,0
22.088,0
22.089,0
22.09,0
22.091,0
22.092,0
22.093,0
22.094,0
22.095,0
22.096,0
22.097,0
22.098,0
22.099,0
22.1,0
22.101,0
22.102,16064
22.103,0
22.104,0
22.105,0
22.106,0
22.107,0
22.108,0
22.109,0
22.11,0
22.111,0
22.112,0
22.113,0
22.114,0
22.115,0
22.116,0
22.117,0
22.118,0
22.119,16064
22.12,0
22.121,0
22.122,0
22.123,0
22.124,0
22.125,0
22.126,0
22.127,0
22.128,0
22.129,0
22.13,0
22.131,0
22.132,0
22.133,0
22.134,0
22.135,0
22.136,0
22.137,16064
22.138,0
22.139,0
22.14,0
22.141,0
22.142,0
22.143,0
22.144,0
22.145,0
22.146,0
22.147,0
22.148,0
22.149,0
22.15,0
22.151,0
22.152,0
22.153,16064
22.154,0
22.155,0
22.156,0
22.157,0
22.158,0
22.159,0
22.16,0
22.161,0
22.162,0
22.163,0
22.164,0
22.165,0
22.166,0
22.167,0
22.168,0
22.169,0
22.17,0
22.171,0
22.172,0
22.173,0
22.174,0
22.175,16064
22.176,0
22.177,0
22.178,0
22.179,0
22.18,0
22.181,0
22.182,0
22.183,0
22.184,0
22.185,0
22.186,0
22.187,0
22.188,0
22.189,0
22.19,0
22.191,0
22.192,16064
22.193,0
22.194,0
22.195,0
22.196,0
22.197,0
22.198,0
22.199,0
22.2,0
22.201,0
22.202,0
22.203,0
22.204,0
22.205,0
22.206,0
22.207,0
22.208,0
22.209,16064
22.21,0
22.211,0
22.212,0
22.213,0
22.214,0
22.215,0
22.216,0
22.217,0
22.218,0
22.219,0
22.22,0
22.221,0
22.222,0
22.223,0
22.224,0
22.225,0
22.226,0
22.227,0
22.228,0
22.229,16064
22.23,0
22.231,0
22.232,0
22.233,0
22.234,0
22.235,0
22.236,0
22.237,0
22.238,0
22.239,0
22.24,0
22.241,0
22.242,0
22.243,0
22.244,0
22.245,0
22.246,16064
22.247,0
22.248,0
22.249,0
22.25,0
22.251,0
22.252,0
22.253,0
22.254,0
22.255,0
22.256,0
22.257,0
22.258,0
22.259,0
22.26,0
22.261,16064
22.262,0
22.263,0
22.264,0
22.265,0
22.266,0
22.267,0
22.268,0
22.269,0
22.27,0
22.271,0
22.272,0
22.273,0
22.274,0
22.275,0
22.276,0
22.277,0
22.278,0
22.279,0
22.28,0
22.281,16064
22.282,0
22.283,0
22.284,0
22.285,0
22.286,0
22.287,0
22.288,0
22.289,0
22.29,0
22.291,0
22.292,0
22.293,0
22.294,0
22.295,0
22.296,0
22.297,0
22.298,0
22.299,16064
22.3,0
22.301,0
22.302,0
22.303,0
22.304,0
22.305,0
22.306,0
22.307,0
22.308,0
22.309,0
22.31,0
22.311,0
22.312,0
22.313,0
22.314,0
22.315,0
22.316,0
22.317,16064
22.318,0
22.319,0
22.32,0
22.321,0
22.322,0
22.323,0
22.324,0
22.325,0
22.326,0
22.327,0
22.328,0
22.329,0
22.33,0
22.331,0
22.332,0
22.333,0
22.334,16064
22.335,0
22.336,0
22.337,0
22.338,0
22.339,0
22.34,0
22.341,0
22.342,0
22.343,0
22.344,0
22.345,0
22.346,0
22.347,0
22.348,0
22.349,0
22.35,0
22.351,0
22.352,0
22.353,16064
22.354,0
22.355,0
22.356,0
22.357,0
22.358,0
22.359,0
22.36,0
22.361,0
22.362,0
22.363,0
22.364,0
22.365,0
22.366,0
22.367,0
22.368,0
22.369,0
22.37,0
22.371,0
22.372,16064
22.373,0
22.374,0
22.375,0
22.376,0
22.377,0
22.378,0
22.379,0
22.38,0
22.381,0
22.382,0
22.383,0
22.384,0
22.385,0
22.386,0
22.387,0
22.388,0
22.389,16064
22.39,0
22.391,0
22.392,0
22.393,0
22.394,0
22.395,0
22.396,0
22.397,0
22.398,0
22.399,0
22.4,0
22.401,0
22.402,0
22.403,0
22.404,0
22.405,0
22.406,0
22.407,16064
22.408,0
22.409,0
22.41,0
22.411,0
22.412,0
22.413,0
22.414,0
22.415,0
22.416,0
22.417,0
22.418,0
22.419,0
22.42,0
22.421,0
22.422,0
22.423,0
22.424,0
22.425,0
22.426,16064
22.427,0
22.428,0
22.429,0
22.43,0
22.431,0
22.432,0
22.433,0
22.434,0
22.435,0
22.436,0
22.437,0
22.438,0
22.439,0
22.44,0
22.441,0
22.442,0
22.443,16064
22.444,0
22.445,0
22.446,0
22.447,0
22.448,0
22.449,0
22.45,0
22.451,0
22.452,0
22.453,0
22.454,0
22.455,0
22.456,0
22.457,0
22.458,0
22.459,0
22.46,0
22.461,0
22.462,16064
22.463,0
22.464,0
22.465,0
22.466,0
22.467,0
22.468,0
22.469,0
22.47,0
22.471,0
22.472,0
22.473,0
22.474,0
22.475,0
22.476,0
22.477,0
22.478,16064
22.479,0
22.48,0
22.481,0
22.482,0
22.483,0
22.484,0
22.485,0
22.486,0
22.487,0
22.488,0
22.489,0
22.49,0
22.491,0
22.492,0
22.493,0
22.494,0
22.495,0
22.496,0
22.497,16064
22.498,0
22.499,0
22.5,0
22.501,0
22.502,0
22.503,0
22.504,0
22.505,0
22.506,0
22.507,0
22.508,0
22.509,0
22.51,0
22.511,0
22.512,0
22.513,0
22.514,0
22.515,12080
22.516,4304
22.517,0
22.518,0
22.519,0
22.52,0
22.521,0
22.522,0
22.523,0
22.524,0
22.525,0
22.526,0
22.527,0
22.528,0
22.529,0
22.53,0
22.531,0
22.532,0
22.533,12080
22.534,4304
22.535,0
22.536,0
22.537,0
22.538,0
22.539,0
22.54,0
22.541,0
22.542,0
22.543,0
22.544,0
22.545,0
22.546,0
22.547,0
22.548,0
22.549,0
22.55,0
22.551,12080
22.552,0
22.553,4304
22.554,0
22.555,0
22.556,0
22.557,0
22.558,0
22.559,0
22.56,0
22.561,0
22.562,0
22.563,0
22.564,0
22.565,0
22.566,0
22.567,0
22.568,0
22.569,0
22.57,0
22.571,16064
22.572,0
22.573,0
22.574,0
22.575,0
22.576,0
22.577,0
22.578,0
22.579,0
22.58,0
22.581,0
22.582,0
22.583,0
22.584,0
22.585,0
22.586,0
22.587,0
22.588,16064
22.589,0
22.59,0
22.591,0
22.592,0
22.593,0
22.594,0
22.595,0
22.596,0
22.597,0
22.598,0
22.599,0
22.6,0
22.601,0
22.602,0
22.603,0
22.604,0
22.605,0
22.606,0
22.607,16064
22.608,0
22.609,0
22.61,0
22.611,0
22.612,0
22.613,0
22.614,0
22.615,0
22.616,0
22.617,0
22.618,0
22.619,0
22.62,0
22.621,0
22.622,0
22.623,0
22.624,16064
22.625,0
22.626,0
22.627,0
22.628,0
22.629,0
22.63,0
22.631,0
22.632,0
22.633,0
22.634,0
22.635,0
22.636,0
22.637,0
22.638,0
22.639,0
22.64,0
22.641,0
22.642,0
22.643,0
22.644,16064
22.645,0
22.646,0
22.647,0
22.648,0
22.649,0
22.65,0
22.651,0
22.652,0
22.653,0
22.654,0
22.655,0
22.656,0
22.657,0
22.658,0
22.659,0
22.66,0
22.661,16064
22.662,0
22.663,0
22.664,0
22.665,0
22.666,0
22.667,0
22.668,0
22.669,0
22.67,0
22.671,0
22.672,0
22.673,0
22.674,0
22.675,0
22.676,0
22.677,0
22.678,0
22.679,16064
22.68,0
22.681,0
22.682,0
22.683,0
22.684,0
22.685,0
22.686,0
22.687,0
22.688,0
22.689,0
22.69,0
22.691,0
22.692,0
22.693,0
22.694,0
22.695,0
22.696,0
22.697,16064
22.698,0
22.699,0
22.7,0
22.701,0
22.702,0
22.703,0
22.704,0
22.705,0
22.706,0
22.707,0
22.708,0
22.709,0
22.71,0
22.711,0
22.712,0
22.713,0
22.714,0
22.715,0
22.716,0
22.717,16064
22.718,0
22.719,0
22.72,0
22.721,0
22.722,0
22.723,0
22.724,0
22.725,0
22.726,0
22.727,0
22.728,0
22.729,0
22.73,0
22.731,0
22.732,0
22.733,0
22.734,16064
22.735,0
22.736,0
22.737,0
22.738,0
22.739,0
22.74,0
22.741,0
22.742,0
22.743,0
22.744,0
22.745,0
22.746,0
22.747,0
22.748,0
22.749,0
22.75,0
22.751,0
22.752,16064
22.753,0
22.754,0
22.755,0
22.756,0
22.757,0
22.758,0
22.759,0
22.76,0
22.761,0
22.762,0
22.763,0
22.764,0
22.765,0
22.766,0
22.767,0
22.768,0
22.769,0
22.77,16064
22.771,0
22.772,0
22.773,0
22.774,0
22.775,0
22.776,0
22.777,0
22.778,0
22.779,0
22.78,0
22.781,0
22.782,0
22.783,0
22.784,0
22.785,0
22.786,0
22.787,16064
22.788,0
22.789,0
22.79,0
22.791,0
22.792,0
22.793,0
22.794,0
22.795,0
22.796,0
22.797,0
22.798,0
22.799,0
22.8,0
22.801,0
22.802,0
22.803,0
22.804,0
22.805,0
22.806,16064
22.807,0
22.808,0
22.809,0
22.81,0
22.811,0
22.812,0
22.813,0
22.814,0
22.815,0
22.816,0
22.817,0
22.818,0
22.819,0
22.82,0
22.821,0
22.822,0
22.823,0
22.824,0
22.825,0
22.826,0
22.827,16064
22.828,0
22.829,0
22.83,0
22.831,0
22.832,0
22.833,0
22.834,0
22.835,0
22.836,0
22.837,0
22.838,0
22.839,0
22.84,0
22.841,0
22.842,0
22.843,0
22.844,16064
22.845,0
22.846,0
22.847,0
22.848,0
22.849,0
22.85,0
22.851,0
22.852,0
22.853,0
22.854,0
22.855,0
22.856,0
22.857,0
22.858,0
22.859,0
22.86,0
22.861,0
22.862,0
22.863,16064
22.864,0
22.865,0
22.866,0
22.867,0
22.868,0
22.869,0
22.87,0
22.871,0
22.872,0
22.873,0
22.874,0
22.875,0
22.876,0
22.877,0
22.878,0
22.879,0
22.88,16064
22.881,0
22.882,0
22.883,0
22.884,0
22.885,0
22.886,0
22.887,0
22.888,0
22.889,0
22.89,0
22.891,0
22.892,0
22.893,0
22.894,0
22.895,0
22.896,0
22.897,0
22.898,0
22.899,16064
22.9,0
22.901,0
22.902,0
22.903,0
22.904,0
22.905,0
22.906,0
22.907,0
22.908,0
22.909,0
22.91,0
22.911,0
22.912,0
22.913,0
22.914,0
22.915,0
22.916,16064
22.917,0
22.918,0
22.919,0
22.92,0
22.921,0
22.922,0
22.923,0
22.924,0
22.925,0
22.926,0
22.927,0
22.928,0
22.929,0
22.93,0
22.931,0
22.932,0
22.933,0
22.934,0
22.935,16064
22.936,0
22.937,0
22.938,0
22.939,0
22.94,0
22.941,0
22.942,0
22.943,0
22.944,0
22.945,0
22.946,0
22.947,0
22.948,0
22.949,0
22.95,0
22.951,0
22.952,0
22.953,16064
22.954,0
22.955,0
22.956,0
22.957,0
22.958,0
22.959,0
22.96,0
22.961,0
22.962,0
22.963,0
22.964,0
22.965,0
22.966,0
22.967,0
22.968,0
22.969,0
22.97,0
22.971,16064
22.972,0
22.973,0
22.974,0
22.975,0
22.976,0
22.977,0
22.978,0
22.979,0
22.98,0
22.981,0
22.982,0
22.983,0
22.984,0
22.985,0
22.986,0
22.987,0
22.988,0
22.989,0
22.99,0
22.991,16064
22.992,0
22.993,0
22.994,0
22.995,0
22.996,0
22.997,0
22.998,0
22.999,0
23,0
23.001,0
23.002,0
23.003,0
23.004,0
23.005,0
23.006,0
23.007,0
23.008,16064
23.009,0
23.01,0
23.011,0
23.012,0
23.013,0
23.014,0
23.015,0
23.016,0
23.017,0
23.018,0
23.019,0
23.02,0
23.021,0
23.022,0
23.023,0
23.024,0
23.025,0
23.026,0
23.027,16064
23.028,0
23.029,0
23.03,0
23.031,0
23.032,0
23.033,0
23.034,0
23.035,0
23.036,0
23.037,0
23.038,0
23.039,0
23.04,0
23.041,0
23.042,0
23.043,0
23.044,16064
23.045,0
23.046,0
23.047,0
23.048,0
23.049,0
23.05,0
23.051,0
23.052,0
23.053,0
23.054,0
23.055,0
23.056,0
23.057,0
23.058,0
23.059,0
23.06,0
23.061,16064
23.062,0
23.063,0
23.064,0
23.065,0
23.066,0
23.067,0
23.068,0
23.069,0
23.07,0
23.071,0
23.072,0
23.073,0
23.074,0
23.075,0
23.076,0
23.077,0
23.078,0
23.079,0
23.08,16064
23.081,0
23.082,0
23.083,0
23.084,0
23.085,0
23.086,0
23.087,0
23.088,0
23.089,0
23.09,0
23.091,0
23.092,0
23.093,0
23.094,0
23.095,0
23.096,0
23.097,12080
23.098,4304
23.099,0
23.1,0
23.101,0
23.102,0
23.103,0
23.104,0
23.105,0
23.106,0
23.107,0
23.108,0
23.109,0
23.11,0
23.111,0
23.112,0
23.113,0
23.114,0
23.115,16064
23.116,0
23.117,0
23.118,0
23.119,0
23.12,0
23.121,0
23.122,0
23.123,0
23.124,0
23.125,0
23.126,0
23.127,0
23.128,0
23.129,0
23.13,0
23.131,0
23.132,0
23.133,16064
23.134,0
23.135,0
23.136,0
23.137,0
23.138,0
23.139,0
23.14,0
23.141,0
23.142,0
23.143,0
23.144,0
23.145,0
23.146,0
23.147,0
23.148,0
23.149,0
23.15,0
23.151,0
23.152,16064
23.153,0
23.154,0
23.155,0
23.156,0
23.157,0
23.158,0
23.159,0
23.16,0
23.161,0
23.162,0
23.163,0
23.164,0
23.165,0
23.166,0
23.167,0
23.168,0
23.169,0
23.17,0
23.171,16256
23.172,0
23.173,0
23.174,0
23.175,0
23.176,0
23.177,0
23.178,0
23.179,0
23.18,0
23.181,0
23.182,0
23.183,0
23.184,0
23.185,0
23.186,0
23.187,0
23.188,0
23.189,16064
23.19,0
23.191,0
23.192,0
23.193,0
23.194,0
23.195,0
23.196,0
23.197,0
23.198,0
23.199,0
23.2,0
23.201,0
23.202,0
23.203,0
23.204,0
23.205,0
23.206,16064
23.207,0
23.208,0
23.209,0
23.21,0
23.211,0
23.212,0
23.213,0
23.214,0
23.215,0
23.216,0
23.217,0
23.218,0
23.219,0
23.22,0
23.221,0
23.222,0
23.223,0
23.224,16064
23.225,0
23.226,0
23.227,0
23.228,0
23.229,0
23.23,0
23.231,0
23.232,0
23.233,0
23.234,0
23.235,0
23.236,0
23.237,0
23.238,0
23.239,0
23.24,0
23.241,0
23.242,0
23.243,16064
23.244,0
23.245,0
23.246,0
23.247,0
23.248,0
23.249,0
23.25,0
23.251,0
23.252,0
23.253,0
23.254,0
23.255,0
23.256,0
23.257,0
23.258,0
23.259,0
23.26,0
23.261,16064
23.262,0
23.263,0
23.264,0
23.265,0
23.266,0
23.267,0
23.268,0
23.269,0
23.27,0
23.271,0
23.272,0
23.273,0
23.274,0
23.275,0
23.276,0
23.277,0
23.278,0
23.279,16064
23.28,0
23.281,0
23.282,0
23.283,0
23.284,0
23.285,0
23.286,0
23.287,0
23.288,0
23.289,0
23.29,0
23.291,0
23.292,0
23.293,0
23.294,0
23.295,0
23.296,0
23.297,16064
23.298,0
23.299,0
23.3,0
23.301,0
23.302,0
23.303,0
23.304,0
23.305,0
23.306,0
23.307,0
23.308,0
23.309,0
23.31,0
23.311,0
23.312,0
23.313,0
23.314,16064
23.315,0
23.316,0
23.317,0
23.318,0
23.319,0
23.32,0
23.321,0
23.322,0
23.323,0
23.324,0
23.325,0
23.326,0
23.327,0
23.328,0
23.329,0
23.33,0
23.331,0
23.332,0
23.333,0
23.334,16064
23.335,0
23.336,0
23.337,0
23.338,0
23.339,0
23.34,0
23.341,0
23.342,0
23.343,0
23.344,0
23.345,0
23.346,0
23.347,0
23.348,0
23.349,0
23.35,16064
23.351,0
23.352,0
23.353,0
23.354,0
23.355,0
23.356,0
23.357,0
23.358,0
23.359,0
23.36,0
23.361,0
23.362,0
23.363,0
23.364,0
23.365,0
23.366,0
23.367,0
23.368,0
23.369,0
23.37,16064
23.371,0
23.372,0
23.373,0
23.374,0
23.375,0
23.376,0
23.377,0
23.378,0
23.379,0
23.38,0
23.381,0
23.382,0
23.383,0
23.384,0
23.385,0
23.386,0
23.387,12080
23.388,4304
23.389,0
23.39,0
23.391,0
23.392,0
23.393,0
23.394,0
23.395,0
23.396,0
23.397,0
23.398,0
23.399,0
23.4,0
23.401,0
23.402,0
23.403,12080
23.404,4304
23.405,0
23.406,0
23.407,0
23.408,0
23.409,0
23.41,0
23.411,0
23.412,0
23.413,0
23.414,0
23.415,0
23.416,0
23.417,0
23.418,0
23.419,0
23.42,0
23.421,16064
23.422,0
23.423,0
23.424,0
23.425,0
23.426,0
23.427,0
23.428,0
23.429,0
23.43,0
23.431,0
23.432,0
23.433,0
23.434,0
23.435,0
23.436,0
23.437,0
23.438,0
23.439,0
23.44,0
23.441,16064
23.442,0
23.443,0
23.444,0
23.445,0
23.446,0
23.447,0
23.448,0
23.449,0
23.45,0
23.451,0
23.452,0
23.453,0
23.454,0
23.455,0
23.456,0
23.457,0
23.458,16064
23.459,0
23.46,0
23.461,0
23.462,0
23.463,0
23.464,0
23.465,0
23.466,0
23.467,0
23.468,0
23.469,0
23.47,0
23.471,0
23.472,0
23.473,0
23.474,0
23.475,0
23.476,0
23.477,16064
23.478,0
23.479,0
23.48,0
23.481,0
23.482,0
23.483,0
23.484,0
23.485,0
23.486,0
23.487,0
23.488,0
23.489,0
23.49,0
23.491,0
23.492,0
23.493,0
23.494,0
23.495,16064
23.496,0
23.497,0
23.498,0
23.499,0
23.5,0
23.501,0
23.502,0
23.503,0
23.504,0
23.505,0
23.506,0
23.507,0
23.508,0
23.509,0
23.51,0
23.511,0
23.512,0
23.513,0
23.514,16064
23.515,0
23.516,0
23.517,0
23.518,0
23.519,0
23.52,0
23.521,0
23.522,0
23.523,0
23.524,0
23.525,0
23.526,0
23.527,0
23.528,0
23.529,0
23.53,0
23.531,0
23.532,16064
23.533,0
23.534,0
23.535,0
23.536,0
23.537,0
23.538,0
23.539,0
23.54,0
23.541,0
23.542,0
23.543,0
23.544,0
23.545,0
23.546,0
23.547,0
23.548,0
23.549,16064
23.55,0
23.551,0
23.552,0
23.553,0
23.554,0
23.555,0
23.556,0
23.557,0
23.558,0
23.559,0
23.56,0
23.561,0
23.562,0
23.563,0
23.564,0
23.565,0
23.566,0
23.567,16064
23.568,0
23.569,0
23.57,0
23.571,0
23.572,0
23.573,0
23.574,0
23.575,0
23.576,0
23.577,0
23.578,0
23.579,0
23.58,0
23.581,0
23.582,0
23.583,0
23.584,0
23.585,16064
23.586,0
23.587,0
23.588,0
23.589,0
23.59,0
23.591,0
23.592,0
23.593,0
23.594,0
23.595,0
23.596,0
23.597,0
23.598,0
23.599,0
23.6,0
23.601,0
23.602,0
23.603,16064
23.604,0
23.605,0
23.606,0
23.607,0
23.608,0
23.609,0
23.61,0
23.611,0
23.612,0
23.613,0
23.614,0
23.615,0
23.616,0
23.617,0
23.618,0
23.619,0
23.62,0
23.621,0
23.622,16064
23.623,0
23.624,0
23.625,0
23.626,0
23.627,0
23.628,0
23.629,0
23.63,0
23.631,0
23.632,0
23.633,0
23.634,0
23.635,0
23.636,0
23.637,0
23.638,0
23.639,16064
23.64,0
23.641,0
23.642,0
23.643,0
23.644,0
23.645,0
23.646,0
23.647,0
23.648,0
23.649,0
23.65,0
23.651,0
23.652,0
23.653,0
23.654,0
23.655,0
23.656,0
23.657,0
23.658,16064
23.659,0
23.66,0
23.661,0
23.662,0
23.663,0
23.664,0
23.665,0
23.666,0
23.667,0
23.668,0
23.669,0
23.67,0
23.671,0
23.672,0
23.673,0
23.674,16064
23.675,0
23.676,0
23.677,0
23.678,0
23.679,0
23.68,0
23.681,0
23.682,0
23.683,0
23.684,0
23.685,0
23.686,0
23.687,0
23.688,0
23.689,0
23.69,0
23.691,0
23.692,0
23.693,16064
23.694,0
23.695,0
23.696,0
23.697,0
23.698,0
23.699,0
23.7,0
23.701,0
23.702,0
23.703,0
23.704,0
23.705,0
23.706,0
23.707,0
23.708,0
23.709,16064
23.71,0
23.711,0
23.712,0
23.713,0
23.714,0
23.715,0
23.716,0
23.717,0
23.718,0
23.719,0
23.72,0
23.721,0
23.722,0
23.723,0
23.724,0
23.725,0
23.726,0
23.727,0
23.728,16064
23.729,0
23.73,0
23.731,0
23.732,0
23.733,0
23.734,0
23.735,0
23.736,0
23.737,0
23.738,0
23.739,0
23.74,0
23.741,0
23.742,0
23.743,0
23.744,0
23.745,0
23.746,16064
23.747,0
23.748,0
23.749,0
23.75,0
23.751,0
23.752,0
23.753,0
23.754,0
23.755,0
23.756,0
23.757,0
23.758,0
23.759,0
23.76,0
23.761,0
23.762,0
23.763,0
23.764,0
23.765,0
23.766,16064
23.767,0
23.768,0
23.769,0
23.77,0
23.771,0
23.772,0
23.773,0
23.774,0
23.775,0
23.776,0
23.777,0
23.778,0
23.779,0
23.78,0
23.781,0
23.782,0
23.783,16064
23.784,0
23.785,0
23.786,0
23.787,0
23.788,0
23.789,0
23.79,0
23.791,0
23.792,0
23.793,0
23.794,0
23.795,0
23.796,0
23.797,0
23.798,0
23.799,0
23.8,0
23.801,16064
23.802,0
23.803,0
23.804,0
23.805,0
23.806,0
23.807,0
23.808,0
23.809,0
23.81,0
23.811,0
23.812,0
23.813,0
23.814,0
23.815,0
23.816,0
23.817,0
23.818,0
23.819,0
23.82,16064
23.821,0
23.822,0
23.823,0
23.824,0
23.825,0
23.826,0
23.827,0
23.828,0
23.829,0
23.83,0
23.831,0
23.832,0
23.833,0
23.834,0
23.835,0
23.836,0
23.837,0
23.838,16064
23.839,0
23.84,0
23.841,0
23.842,0
23.843,0
23.844,0
23.845,0
23.846,0
23.847,0
23.848,0
23.849,0
23.85,0
23.851,0
23.852,0
23.853,0
23.854,0
23.855,0
23.856,0
23.857,16064
23.858,0
23.859,0
23.86,0
23.861,0
23.862,0
23.863,0
23.864,0
23.865,0
23.866,0
23.867,0
23.868,0
23.869,0
23.87,0
23.871,0
23.872,0
23.873,0
23.874,0
23.875,16064
23.876,0
23.877,0
23.878,0
23.879,0
23.88,0
23.881,0
23.882,0
23.883,0
23.884,0
23.885,0
23.886,0
23.887,0
23.888,0
23.889,0
23.89,0
23.891,0
23.892,0
23.893,16064
23.894,0
23.895,0
23.896,0
23.897,0
23.898,0
23.899,0
23.9,0
23.901,0
23.902,0
23.903,0
23.904,0
23.905,0
23.906,0
23.907,0
23.908,0
23.909,0
23.91,0
23.911,0
23.912,16064
23.913,0
23.914,0
23.915,0
23.916,0
23.917,0
23.918,0
23.919,0
23.92,0
23.921,0
23.922,0
23.923,0
23.924,0
23.925,0
23.926,0
23.927,0
23.928,16064
23.929,0
23.93,0
23.931,0
23.932,0
23.933,0
23.934,0
23.935,0
23.936,0
23.937,0
23.938,0
23.939,0
23.94,0
23.941,0
23.942,0
23.943,0
23.944,0
23.945,0
23.946,0
23.947,16064
23.948,0
23.949,0
23.95,0
23.951,0
23.952,0
23.953,0
23.954,0
23.955,0
23.956,0
23.957,0
23.958,0
23.959,0
23.96,0
23.961,0
23.962,0
23.963,0
23.964,0
23.965,16064
23.966,0
23.967,0
23.968,0
23.969,0
23.97,0
23.971,0
23.972,0
23.973,0
23.974,0
23.975,0
23.976,0
23.977,0
23.978,0
23.979,0
23.98,0
23.981,0
23.982,0
23.983,16064
23.984,0
23.985,0
23.986,0
23.987,0
23.988,0
23.989,0
23.99,0
23.991,0
23.992,0
23.993,0
23.994,0
23.995,0
23.996,0
23.997,0
23.998,0
23.999,0
24,16064
24.001,0
24.002,0
24.003,0
24.004,0
24.005,0
24.006,0
24.007,0
24.008,0
24.009,0
24.01,0
24.011,0
24.012,0
24.013,0
24.014,0
24.015,0
24.016,0
24.017,0
24.018,16064
24.019,0
24.02,0
24.021,0
24.022,0
24.023,0
24.024,0
24.025,0
24.026,0
24.027,0
24.028,0
24.029,0
24.03,0
24.031,0
24.032,0
24.033,0
24.034,0
24.035,16064
24.036,0
24.037,0
24.038,0
24.039,0
24.04,0
24.041,0
24.042,0
24.043,0
24.044,0
24.045,0
24.046,0
24.047,0
24.048,0
24.049,0
24.05,0
24.051,0
24.052,0
24.053,0
24.054,16064
24.055,0
24.056,0
24.057,0
24.058,0
24.059,0
24.06,0
24.061,0
24.062,0
24.063,0
24.064,0
24.065,0
24.066,0
24.067,0
24.068,0
24.069,0
24.07,0
24.071,0
24.072,0
24.073,16064
24.074,0
24.075,0
24.076,0
24.077,0
24.078,0
24.079,0
24.08,0
24.081,0
24.082,0
24.083,0
24.084,0
24.085,0
24.086,0
24.087,0
24.088,0
24.089,0
24.09,0
24.091,0
24.092,16064
24.093,0
24.094,0
24.095,0
24.096,0
24.097,0
24.098,0
24.099,0
24.1,0
24.101,0
24.102,0
24.103,0
24.104,0
24.105,0
24.106,0
24.107,0
24.108,0
24.109,0
24.11,16064
24.111,0
24.112,0
24.113,0
24.114,0
24.115,0
24.116,0
24.117,0
24.118,0
24.119,0
24.12,0
24.121,0
24.122,0
24.123,0
24.124,0
24.125,0
24.126,0
24.127,0
24.128,16064
24.129,0
24.13,0
24.131,0
24.132,0
24.133,0
24.134,0
24.135,0
24.136,0
24.137,0
24.138,0
24.139,0
24.14,0
24.141,0
24.142,0
24.143,0
24.144,0
24.145,16064
24.146,0
24.147,0
24.148,0
24.149,0
24.15,0
24.151,0
24.152,0
24.153,0
24.154,0
24.155,0
24.156,0
24.157,0
24.158,0
24.159,0
24.16,0
24.161,0
24.162,0
24.163,0
24.164,16064
24.165,0
24.166,0
24.167,0
24.168,0
24.169,0
24.17,0
24.171,0
24.172,0
24.173,0
24.174,0
24.175,0
24.176,0
24.177,0
24.178,0
24.179,0
24.18,0
24.181,16064
24.182,0
24.183,0
24.184,0
24.185,0
24.186,0
24.187,0
24.188,0
24.189,0
24.19,0
24.191,0
24.192,0
24.193,0
24.194,0
24.195,0
24.196,0
24.197,0
24.198,0
24.199,16064
24.2,0
24.201,0
24.202,0
24.203,0
24.204,0
24.205,0
24.206,0
24.207,0
24.208,0
24.209,0
24.21,0
24.211,0
24.212,0
24.213,0
24.214,0
24.215,0
24.216,0
24.217,16064
24.218,0
24.219,0
24.22,0
24.221,0
24.222,0
24.223,0
24.224,0
24.225,0
24.226,0
24.227,0
24.228,0
24.229,0
24.23,0
24.231,0
24.232,0
24.233,0
24.234,0
24.235,0
24.236,0
24.237,16064
24.238,0
24.239,0
24.24,0
24.241,0
24.242,0
24.243,0
24.244,0
24.245,0
24.246,0
24.247,0
24.248,0
24.249,0
24.25,0
24.251,0
24.252,0
24.253,0
24.254,0
24.255,16064
24.256,0
24.257,0
24.258,0
24.259,0
24.26,0
24.261,0
24.262,0
24.263,0
24.264,0
24.265,0
24.266,0
24.267,0
24.268,0
24.269,0
24.27,0
24.271,0
24.272,0
24.273,0
24.274,16064
24.275,0
24.276,0
24.277,0
24.278,0
24.279,0
24.28,0
24.281,0
24.282,0
24.283,0
24.284,0
24.285,0
24.286,0
24.287,0
24.288,0
24.289,0
24.29,0
24.291,16064
24.292,0
24.293,0
24.294,0
24.295,0
24.296,0
24.297,0
24.298,0
24.299,0
24.3,0
24.301,0
24.302,0
24.303,0
24.304,0
24.305,0
24.306,0
24.307,0
24.308,0
24.309,16064
24.31,0
24.311,0
24.312,0
24.313,0
24.314,0
24.315,0
24.316,0
24.317,0
24.318,0
24.319,0
24.32,0
24.321,0
24.322,0
24.323,0
24.324,0
24.325,0
24.326,16064
24.327,0
24.328,0
24.329,0
24.33,0
24.331,0
24.332,0
24.333,0
24.334,0
24.335,0
24.336,0
24.337,0
24.338,0
24.339,0
24.34,0
24.341,0
24.342,0
24.343,0
24.344,0
24.345,0
24.346,16064
24.347,0
24.348,0
24.349,0
24.35,0
24.351,0
24.352,0
24.353,0
24.354,0
24.355,0
24.356,0
24.357,0
24.358,0
24.359,0
24.36,0
24.361,0
24.362,0
24.363,16064
24.364,0
24.365,0
24.366,0
24.367,0
24.368,0
24.369,0
24.37,0
24.371,0
24.372,0
24.373,0
24.374,0
24.375,0
24.376,0
24.377,0
24.378,0
24.379,0
24.38,0
24.381,0
24.382,0
24.383,0
24.384,12080
24.385,0
24.386,4304
24.387,0
24.388,0
24.389,0
24.39,0
24.391,0
24.392,0
24.393,0
24.394,0
24.395,0
24.396,0
24.397,0
24.398,0
24.399,0
24.4,0
24.401,16064
24.402,0
24.403,0
24.404,0
24.405,0
24.406,0
24.407,0
24.408,0
24.409,0
24.41,0
24.411,0
24.412,0
24.413,0
24.414,0
24.415,0
24.416,0
24.417,0
24.418,0
24.419,0
24.42,16064
24.421,0
24.422,0
24.423,0
24.424,0
24.425,0
24.426,0
24.427,0
24.428,0
24.429,0
24.43,0
24.431,0
24.432,0
24.433,0
24.434,0
24.435,0
24.436,0
24.437,0
24.438,16064
24.439,0
24.44,0
24.441,0
24.442,0
24.443,0
24.444,0
24.445,0
24.446,0
24.447,0
24.448,0
24.449,0
24.45,0
24.451,0
24.452,0
24.453,0
24.454,0
24.455,0
24.456,16064
24.457,0
24.458,0
24.459,0
24.46,0
24.461,0
24.462,0
24.463,0
24.464,0
24.465,0
24.466,0
24.467,0
24.468,0
24.469,0
24.47,0
24.471,0
24.472,0
24.473,0
24.474,16064
24.475,0
24.476,0
24.477,0
24.478,0
24.479,0
24.48,0
24.481,0
24.482,0
24.483,0
24.484,0
24.485,0
24.486,0
24.487,0
24.488,0
24.489,0
24.49,0
24.491,0
24.492,0
24.493,16064
24.494,0
24.495,0
24.496,0
24.497,0
24.498,0
24.499,0
24.5,0
24.501,0
24.502,0
24.503,0
24.504,0
24.505,0
24.506,0
24.507,0
24.508,0
24.509,0
24.51,0
24.511,0
24.512,16064
24.513,0
24.514,0
24.515,0
24.516,0
24.517,0
24.518,0
24.519,0
24.52,0
24.521,0
24.522,0
24.523,0
24.524,0
24.525,0
24.526,0
24.527,0
24.528,0
24.529,16064
24.53,0
24.531,0
24.532,0
24.533,0
24.534,0
24.535,0
24.536,0
24.537,0
24.538,0
24.539,0
24.54,0
24.541,0
24.542,0
24.543,0
24.544,0
24.545,0
24.546,16064
24.547,0
24.548,0
24.549,0
24.55,0
24.551,0
24.552,0
24.553,0
24.554,0
24.555,0
24.556,0
24.557,0
24.558,0
24.559,0
24.56,0
24.561,0
24.562,0
24.563,0
24.564,16064
24.565,0
24.566,0
24.567,0
24.568,0
24.569,0
24.57,0
24.571,0
24.572,0
24.573,0
24.574,0
24.575,0
24.576,0
24.577,0
24.578,0
24.579,0
24.58,0
24.581,0
24.582,16064
24.583,0
24.584,0
24.585,0
24.586,0
24.587,0
24.588,0
24.589,0
24.59,0
24.591,0
24.592,0
24.593,0
24.594,0
24.595,0
24.596,0
24.597,0
24.598,0
24.599,0
24.6,0
24.601,0
24.602,16064
24.603,0
24.604,0
24.605,0
24.606,0
24.607,0
24.608,0
24.609,0
24.61,0
24.611,0
24.612,0
24.613,0
24.614,0
24.615,0
24.616,0
24.617,16064
24.618,0
24.619,0
24.62,0
24.621,0
24.622,0
24.623,0
24.624,0
24.625,0
24.626,0
24.627,0
24.628,0
24.629,0
24.63,0
24.631,0
24.632,0
24.633,0
24.634,0
24.635,16064
24.636,0
24.637,0
24.638,0
24.639,0
24.64,0
24.641,0
24.642,0
24.643,0
24.644,0
24.645,0
24.646,0
24.647,0
24.648,0
24.649,0
24.65,0
24.651,0
24.652,0
24.653,16064
24.654,0
24.655,0
24.656,0
24.657,0
24.658,0
24.659,0
24.66,0
24.661,0
24.662,0
24.663,0
24.664,0
24.665,0
24.666,0
24.667,0
24.668,0
24.669,0
24.67,0
24.671,0
24.672,16064
24.673,0
24.674,0
24.675,0
24.676,0
24.677,0
24.678,0
24.679,0
24.68,0
24.681,0
24.682,0
24.683,0
24.684,0
24.685,0
24.686,0
24.687,0
24.688,0
24.689,0
24.69,16064
24.691,0
24.692,0
24.693,0
24.694,0
24.695,0
24.696,0
24.697,0
24.698,0
24.699,0
24.7,0
24.701,0
24.702,0
24.703,0
24.704,0
24.705,0
24.706,0
24.707,0
24.708,16064
24.709,0
24.71,0
24.711,0
24.712,0
24.713,0
24.714,0
24.715,0
24.716,0
24.717,0
24.718,0
24.719,0
24.72,0
24.721,0
24.722,0
24.723,0
24.724,0
24.725,0
24.726,0
24.727,16064
24.728,0
24.729,0
24.73,0
24.731,0
24.732,0
24.733,0
24.734,0
24.735,0
24.736,0
24.737,0
24.738,0
24.739,0
24.74,0
24.741,0
24.742,0
24.743,0
24.744,0
24.745,16064
24.746,0
24.747,0
24.748,0
24.749,0
24.75,0
24.751,0
24.752,0
24.753,0
24.754,0
24.755,0
24.756,0
24.757,0
24.758,0
24.759,0
24.76,0
24.761,0
24.762,0
24.763,16064
24.764,0
24.765,0
24.766,0
24.767,0
24.768,0
24.769,0
24.77,0
24.771,0
24.772,0
24.773,0
24.774,0
24.775,0
24.776,0
24.777,0
24.778,0
24.779,0
24.78,0
24.781,0
24.782,16064
24.783,0
24.784,0
24.785,0
24.786,0
24.787,0
24.788,0
24.789,0
24.79,0
24.791,0
24.792,0
24.793,0
24.794,0
24.795,0
24.796,0
24.797,0
24.798,0
24.799,16064
24.8,0
24.801,0
24.802,0
24.803,0
24.804,0
24.805,0
24.806,0
24.807,0
24.808,0
24.809,0
24.81,0
24.811,0
24.812,0
24.813,0
24.814,0
24.815,0
24.816,0
24.817,0
24.818,16064
24.819,0
24.82,0
24.821,0
24.822,0
24.823,0
24.824,0
24.825,0
24.826,0
24.827,0
24.828,0
24.829,0
24.83,0
24.831,0
24.832,0
24.833,0
24.834,0
24.835,16064
24.836,0
24.837,0
24.838,0
24.839,0
24.84,0
24.841,0
24.842,0
24.843,0
24.844,0
24.845,0
24.846,0
24.847,0
24.848,0
24.849,0
24.85,0
24.851,0
24.852,0
24.853,0
24.854,16064
24.855,0
24.856,0
24.857,0
24.858,0
24.859,0
24.86,0
24.861,0
24.862,0
24.863,0
24.864,0
24.865,0
24.866,0
24.867,0
24.868,0
24.869,0
24.87,0
24.871,0
24.872,16064
24.873,0
24.874,0
24.875,0
24.876,0
24.877,0
24.878,0
24.879,0
24.88,0
24.881,0
24.882,0
24.883,0
24.884,0
24.885,0
24.886,0
24.887,0
24.888,0
24.889,0
24.89,0
24.891,0
24.892,16064
24.893,0
24.894,0
24.895,0
24.896,0
24.897,0
24.898,0
24.899,0
24.9,0
24.901,0
24.902,0
24.903,0
24.904,0
24.905,0
24.906,0
24.907,0
24.908,0
24.909,0
24.91,16064
24.911,0
24.912,0
24.913,0
24.914,0
24.915,0
24.916,0
24.917,0
24.918,0
24.919,0
24.92,0
24.921,0
24.922,0
24.923,0
24.924,0
24.925,0
24.926,0
24.927,16064
24.928,0
24.929,0
24.93,0
24.931,0
24.932,0
24.933,0
24.934,0
24.935,0
24.936,0
24.937,0
24.938,0
24.939,0
24.94,0
24.941,0
24.942,0
24.943,0
24.944,16064
24.945,0
24.946,0
24.947,0
24.948,0
24.949,0
24.95,0
24.951,0
24.952,0
24.953,0
24.954,0
24.955,0
24.956,0
24.957,0
24.958,0
24.959,0
24.96,0
24.961,0
24.962,16064
24.963,0
24.964,0
24.965,0
24.966,0
24.967,0
24.968,0
24.969,0
24.97,0
24.971,0
24.972,0
24.973,0
24.974,0
24.975,0
24.976,0
24.977,0
24.978,0
24.979,0
24.98,0
24.981,16064
24.982,0
24.983,0
24.984,0
24.985,0
24.986,0
24.987,0
24.988,0
24.989,0
24.99,0
24.991,0
24.992,0
24.993,0
24.994,0
24.995,0
24.996,0
24.997,0
24.998,0
24.999,16064
25,0
25.001,0
25.002,0
25.003,0
25.004,0
25.005,0
25.006,0
25.007,0
25.008,0
25.009,0
25.01,0
25.011,0
25.012,0
25.013,0
25.014,0
25.015,0
25.016,0
25.017,0
25.018,16064
25.019,0
25.02,0
25.021,0
25.022,0
25.023,0
25.024,0
25.025,0
25.026,0
25.027,0
25.028,0
25.029,0
25.03,0
25.031,0
25.032,0
25.033,0
25.034,0
25.035,0
25.036,0
25.037,16064
25.038,0
25.039,0
25.04,0
25.041,0
25.042,0
25.043,0
25.044,0
25.045,0
25.046,0
25.047,0
25.048,0
25.049,0
25.05,0
25.051,0
25.052,0
25.053,0
25.054,16064
25.055,0
25.056,0
25.057,0
25.058,0
25.059,0
25.06,0
25.061,0
25.062,0
25.063,0
25.064,0
25.065,0
25.066,0
25.067,0
25.068,0
25.069,0
25.07,0
25.071,0
25.072,0
25.073,0
25.074,16064
25.075,0
25.076,0
25.077,0
25.078,0
25.079,0
25.08,0
25.081,0
25.082,0
25.083,0
25.084,0
25.085,0
25.086,0
25.087,0
25.088,0
25.089,0
25.09,0
25.091,0
25.092,16064
25.093,0
25.094,0
25.095,0
25.096,0
25.097,0
25.098,0
25.099,0
25.1,0
25.101,0
25.102,0
25.103,0
25.104,0
25.105,0
25.106,0
25.107,0
25.108,0
25.109,0
25.11,0
25.111,16064
25.112,0
25.113,0
25.114,0
25.115,0
25.116,0
25.117,0
25.118,0
25.119,0
25.12,0
25.121,0
25.122,0
25.123,0
25.124,0
25.125,0
25.126,0
25.127,16064
25.128,0
25.129,0
25.13,0
25.131,0
25.132,0
25.133,0
25.134,0
25.135,0
25.136,0
25.137,0
25.138,0
25.139,0
25.14,0
25.141,0
25.142,0
25.143,0
25.144,0
25.145,16064
25.146,0
25.147,0
25.148,0
25.149,0
25.15,0
25.151,0
25.152,0
25.153,0
25.154,0
25.155,0
25.156,0
25.157,0
25.158,0
25.159,0
25.16,0
25.161,0
25.162,0
25.163,16064
25.164,0
25.165,0
25.166,0
25.167,0
25.168,0
25.169,0
25.17,0
25.171,0
25.172,0
25.173,0
25.174,0
25.175,0
25.176,0
25.177,0
25.178,0
25.179,0
25.18,0
25.181,0
25.182,16064
25.183,0
25.184,0
25.185,0
25.186,0
25.187,0
25.188,0
25.189,0
25.19,0
25.191,0
25.192,0
25.193,0
25.194,0
25.195,0
25.196,0
25.197,0
25.198,0
25.199,16064
25.2,0
25.201,0
25.202,0
25.203,0
25.204,0
25.205,0
25.206,0
25.207,0
25.208,0
25.209,0
25.21,0
25.211,0
25.212,0
25.213,0
25.214,0
25.215,0
25.216,0
25.217,0
25.218,16064
25.219,0
25.22,0
25.221,0
25.222,0
25.223,0
25.224,0
25.225,0
25.226,0
25.227,0
25.228,0
25.229,0
25.23,0
25.231,0
25.232,0
25.233,0
25.234,0
25.235,16064
25.236,0
25.237,0
25.238,0
25.239,0
25.24,0
25.241,0
25.242,0
25.243,0
25.244,0
25.245,0
25.246,0
25.247,0
25.248,0
25.249,0
25.25,0
25.251,0
25.252,0
25.253,16384
25.254,0
25.255,0
25.256,0
25.257,0
25.258,0
25.259,0
25.26,0
25.261,0
25.262,0
25.263,0
25.264,0
25.265,0
25.266,0
25.267,0
25.268,0
25.269,0
25.27,0
25.271,16064
25.272,0
25.273,0
25.274,0
25.275,0
25.276,0
25.277,0
25.278,0
25.279,0
25.28,0
25.281,0
25.282,0
25.283,0
25.284,0
25.285,0
25.286,0
25.287,0
25.288,0
25.289,0
25.29,0
25.291,16064
25.292,0
25.293,0
25.294,0
25.295,0
25.296,0
25.297,0
25.298,0
25.299,0
25.3,0
25.301,0
25.302,0
25.303,0
25.304,0
25.305,0
25.306,0
25.307,0
25.308,0
25.309,0
25.31,16064
25.311,0
25.312,0
25.313,0
25.314,0
25.315,0
25.316,0
25.317,0
25.318,0
25.319,0
25.32,0
25.321,0
25.322,0
25.323,0
25.324,0
25.325,0
25.326,0
25.327,0
25.328,16064
25.329,0
25.33,0
25.331,0
25.332,0
25.333,0
25.334,0
25.335,0
25.336,0
25.337,0
25.338,0
25.339,0
25.34,0
25.341,0
25.342,0
25.343,0
25.344,0
25.345,0
25.346,16064
25.347,0
25.348,0
25.349,0
25.35,0
25.351,0
25.352,0
25.353,0
25.354,0
25.355,0
25.356,0
25.357,0
25.358,0
25.359,0
25.36,0
25.361,0
25.362,0
25.363,0
25.364,16064
25.365,0
25.366,0
25.367,0
25.368,0
25.369,0
25.37,0
25.371,0
25.372,0
25.373,0
25.374,0
25.375,0
25.376,0
25.377,0
25.378,0
25.379,0
25.38,0
25.381,16064
25.382,0
25.383,0
25.384,0
25.385,0
25.386,0
25.387,0
25.388,0
25.389,0
25.39,0
25.391,0
25.392,0
25.393,0
25.394,0
25.395,0
25.396,0
25.397,0
25.398,0
25.399,0
25.4,16064
25.401,0
25.402,0
25.403,0
25.404,0
25.405,0
25.406,0
25.407,0
25.408,0
25.409,0
25.41,0
25.411,0
25.412,0
25.413,0
25.414,0
25.415,0
25.416,0
25.417,0
25.418,16064
25.419,0
25.42,0
25.421,0
25.422,0
25.423,0
25.424,0
25.425,0
25.426,0
25.427,0
25.428,0
25.429,0
25.43,0
25.431,0
25.432,0
25.433,0
25.434,0
25.435,0
25.436,16064
25.437,0
25.438,0
25.439,0
25.44,0
25.441,0
25.442,0
25.443,0
25.444,0
25.445,0
25.446,0
25.447,0
25.448,0
25.449,0
25.45,0
25.451,0
25.452,0
25.453,0
25.454,0
25.455,0
25.456,16064
25.457,0
25.458,0
25.459,0
25.46,0
25.461,0
25.462,0
25.463,0
25.464,0
25.465,0
25.466,0
25.467,0
25.468,0
25.469,0
25.47,0
25.471,0
25.472,0
25.473,0
25.474,16064
25.475,0
25.476,0
25.477,0
25.478,0
25.479,0
25.48,0
25.481,0
25.482,0
25.483,0
25.484,0
25.485,0
25.486,0
25.487,0
25.488,0
25.489,0
25.49,16064
25.491,0
25.492,0
25.493,0
25.494,0
25.495,0
25.496,0
25.497,0
25.498,0
25.499,0
25.5,0
25.501,0
25.502,0
25.503,0
25.504,0
25.505,0
25.506,0
25.507,0
25.508,0
25.509,16064
25.51,0
25.511,0
25.512,0
25.513,0
25.514,0
25.515,0
25.516,0
25.517,0
25.518,0
25.519,0
25.52,0
25.521,0
25.522,0
25.523,0
25.524,0
25.525,0
25.526,0
25.527,16064
25.528,0
25.529,0
25.53,0
25.531,0
25.532,0
25.533,0
25.534,0
25.535,0
25.536,0
25.537,0
25.538,0
25.539,0
25.54,0
25.541,0
25.542,0
25.543,0
25.544,16064
25.545,0
25.546,0
25.547,0
25.548,0
25.549,0
25.55,0
25.551,0
25.552,0
25.553,0
25.554,0
25.555,0
25.556,0
25.557,0
25.558,0
25.559,0
25.56,0
25.561,0
25.562,16064
25.563,0
25.564,0
25.565,0
25.566,0
25.567,0
25.568,0
25.569,0
25.57,0
25.571,0
25.572,0
25.573,0
25.574,0
25.575,0
25.576,0
25.577,0
25.578,0
25.579,0
25.58,0
25.581,16064
25.582,0
25.583,0
25.584,0
25.585,0
25.586,0
25.587,0
25.588,0
25.589,0
25.59,0
25.591,0
25.592,0
25.593,0
25.594,0
25.595,0
25.596,0
25.597,0
25.598,0
25.599,16064
25.6,0
25.601,0
25.602,0
25.603,0
25.604,0
25.605,0
25.606,0
25.607,0
25.608,0
25.609,0
25.61,0
25.611,0
25.612,0
25.613,0
25.614,0
25.615,0
25.616,0
25.617,16064
25.618,0
25.619,0
25.62,0
25.621,0
25.622,0
25.623,0
25.624,0
25.625,0
25.626,0
25.627,0
25.628,0
25.629,0
25.63,0
25.631,0
25.632,0
25.633,0
25.634,0
25.635,0
25.636,16064
25.637,0
25.638,0
25.639,0
25.64,0
25.641,0
25.642,0
25.643,0
25.644,0
25.645,0
25.646,0
25.647,0
25.648,0
25.649,0
25.65,0
25.651,0
25.652,0
25.653,0
25.654,16064
25.655,0
25.656,0
25.657,0
25.658,0
25.659,0
25.66,0
25.661,0
25.662,0
25.663,0
25.664,0
25.665,0
25.666,0
25.667,0
25.668,0
25.669,0
25.67,0
25.671,0
25.672,0
25.673,16064
25.674,0
25.675,0
25.676,0
25.677,0
25.678,0
25.679,0
25.68,0
25.681,0
25.682,0
25.683,0
25.684,0
25.685,0
25.686,0
25.687,0
25.688,0
25.689,0
25.69,16064
25.691,0
25.692,0
25.693,0
25.694,0
25.695,0
25.696,0
25.697,0
25.698,0
25.699,0
25.7,0
25.701,0
25.702,0
25.703,0
25.704,0
25.705,0
25.706,0
25.707,0
25.708,0
25.709,0
25.71,16064
25.711,0
25.712,0
25.713,0
25.714,0
25.715,0
25.716,0
25.717,0
25.718,0
25.719,0
25.72,0
25.721,0
25.722,0
25.723,0
25.724,0
25.725,0
25.726,0
25.727,0
25.728,0
25.729,0
25.73,16064
25.731,0
25.732,0
25.733,0
25.734,0
25.735,0
25.736,0
25.737,0
25.738,0
25.739,0
25.74,0
25.741,0
25.742,0
25.743,0
25.744,0
25.745,0
25.746,0
25.747,16064
25.748,0
25.749,0
25.75,0
25.751,0
25.752,0
25.753,0
25.754,0
25.755,0
25.756,0
25.757,0
25.758,0
25.759,0
25.76,0
25.761,0
25.762,0
25.763,0
25.764,0
25.765,16064
25.766,0
25.767,0
25.768,0
25.769,0
25.77,0
25.771,0
25.772,0
25.773,0
25.774,0
25.775,0
25.776,0
25.777,0
25.778,0
25.779,0
25.78,0
25.781,0
25.782,0
25.783,16064
25.784,0
25.785,0
25.786,0
25.787,0
25.788,0
25.789,0
25.79,0
25.791,0
25.792,0
25.793,0
25.794,0
25.795,0
25.796,0
25.797,0
25.798,0
25.799,0
25.8,0
25.801,0
25.802,16064
25.803,0
25.804,0
25.805,0
25.806,0
25.807,0
25.808,0
25.809,0
25.81,0
25.811,0
25.812,0
25.813,0
25.814,0
25.815,0
25.816,0
25.817,0
25.818,0
25.819,0
25.82,16064
25.821,0
25.822,0
25.823,0
25.824,0
25.825,0
25.826,0
25.827,0
25.828,0
25.829,0
25.83,0
25.831,0
25.832,0
25.833,0
25.834,0
25.835,0
25.836,0
25.837,0
25.838,16064
25.839,0
25.84,0
25.841,0
25.842,0
25.843,0
25.844,0
25.845,0
25.846,0
25.847,0
25.848,0
25.849,0
25.85,0
25.851,0
25.852,0
25.853,0
25.854,0
25.855,16064
25.856,0
25.857,0
25.858,0
25.859,0
25.86,0
25.861,0
25.862,0
25.863,0
25.864,0
25.865,0
25.866,0
25.867,0
25.868,0
25.869,0
25.87,0
25.871,0
25.872,0
25.873,0
25.874,12080
25.875,4304
25.876,0
25.877,0
25.878,0
25.879,0
25.88,0
25.881,0
25.882,0
25.883,0
25.884,0
25.885,0
25.886,0
25.887,0
25.888,0
25.889,0
25.89,16064
25.891,0
25.892,0
25.893,0
25.894,0
25.895,0
25.896,0
25.897,0
25.898,0
25.899,0
25.9,0
25.901,0
25.902,0
25.903,0
25.904,0
25.905,0
25.906,0
25.907,0
25.908,0
25.909,0
25.91,0
25.911,12080
25.912,4304
25.913,0
25.914,0
25.915,0
25.916,0
25.917,0
25.918,0
25.919,0
25.92,0
25.921,0
25.922,0
25.923,0
25.924,0
25.925,0
25.926,0
25.927,16064
25.928,0
25.929,0
25.93,0
25.931,0
25.932,0
25.933,0
25.934,0
25.935,0
25.936,0
25.937,0
25.938,0
25.939,0
25.94,0
25.941,0
25.942,0
25.943,0
25.944,0
25.945,0
25.946,12080
25.947,4304
25.948,0
25.949,0
25.95,0
25.951,0
25.952,0
25.953,0
25.954,0
25.955,0
25.956,0
25.957,0
25.958,0
25.959,0
25.96,0
25.961,0
25.962,0
25.963,16064
25.964,0
25.965,0
25.966,0
25.967,0
25.968,0
25.969,0
25.97,0
25.971,0
25.972,0
25.973,0
25.974,0
25.975,0
25.976,0
25.977,0
25.978,0
25.979,0
25.98,0
25.981,0
25.982,0
25.983,16064
25.984,0
25.985,0
25.986,0
25.987,0
25.988,0
25.989,0
25.99,0
25.991,0
25.992,0
25.993,0
25.994,0
25.995,0
25.996,0
25.997,0
25.998,0
25.999,0
26,0
26.001,16064
26.002,0
26.003,0
26.004,0
26.005,0
26.006,0
26.007,0
26.008,0
26.009,0
26.01,0
26.011,0
26.012,0
26.013,0
26.014,0
26.015,0
26.016,0
26.017,0
26.018,0
26.019,16064
26.02,0
26.021,0
26.022,0
26.023,0
26.024,0
26.025,0
26.026,0
26.027,0
26.028,0
26.029,0
26.03,0
26.031,0
26.032,0
26.033,0
26.034,0
26.035,0
26.036,0
26.037,16064
26.038,0
26.039,0
26.04,0
26.041,0
26.042,0
26.043,0
26.044,0
26.045,0
26.046,0
26.047,0
26.048,0
26.049,0
26.05,0
26.051,0
26.052,0
26.053,0
26.054,0
26.055,0
26.056,16064
26.057,0
26.058,0
26.059,0
26.06,0
26.061,0
26.062,0
26.063,0
26.064,0
26.065,0
26.066,0
26.067,0
26.068,0
26.069,0
26.07,0
26.071,0
26.072,0
26.073,16064
26.074,0
26.075,0
26.076,0
26.077,0
26.078,0
26.079,0
26.08,0
26.081,0
26.082,0
26.083,0
26.084,0
26.085,0
26.086,0
26.087,0
26.088,0
26.089,0
26.09,0
26.091,0
26.092,0
26.093,16064
26.094,0
26.095,0
26.096,0
26.097,0
26.098,0
26.099,0
26.1,0
26.101,0
26.102,0
26.103,0
26.104,0
26.105,0
26.106,0
26.107,0
26.108,0
26.109,0
26.11,0
26.111,0
26.112,16064
26.113,0
26.114,0
26.115,0
26.116,0
26.117,0
26.118,0
26.119,0
26.12,0
26.121,0
26.122,0
26.123,0
26.124,0
26.125,0
26.126,0
26.127,0
26.128,16064
26.129,0
26.13,0
26.131,0
26.132,0
26.133,0
26.134,0
26.135,0
26.136,0
26.137,0
26.138,0
26.139,0
26.14,0
26.141,0
26.142,0
26.143,0
26.144,0
26.145,0
26.146,16064
26.147,0
26.148,0
26.149,0
26.15,0
26.151,0
26.152,0
26.153,0
26.154,0
26.155,0
26.156,0
26.157,0
26.158,0
26.159,0
26.16,0
26.161,0
26.162,0
26.163,16064
26.164,0
26.165,0
26.166,0
26.167,0
26.168,0
26.169,0
26.17,0
26.171,0
26.172,0
26.173,0
26.174,0
26.175,0
26.176,0
26.177,0
26.178,0
26.179,0
26.18,16064
26.181,0
26.182,0
26.183,0
26.184,0
26.185,0
26.186,0
26.187,0
26.188,0
26.189,0
26.19,0
26.191,0
26.192,0
26.193,0
26.194,0
26.195,0
26.196,0
26.197,0
26.198,0
26.199,16064
26.2,0
26.201,0
26.202,0
26.203,0
26.204,0
26.205,0
26.206,0
26.207,0
26.208,0
26.209,0
26.21,0
26.211,0
26.212,0
26.213,0
26.214,0
26.215,0
26.216,0
26.217,16064
26.218,0
26.219,0
26.22,0
26.221,0
26.222,0
26.223,0
26.224,0
26.225,0
26.226,0
26.227,0
26.228,0
26.229,0
26.23,0
26.231,0
26.232,0
26.233,0
26.234,0
26.235,0
26.236,16064
26.237,0
26.238,0
26.239,0
26.24,0
26.241,0
26.242,0
26.243,0
26.244,0
26.245,0
26.246,0
26.247,0
26.248,0
26.249,0
26.25,0
26.251,0
26.252,0
26.253,16064
26.254,0
26.255,0
26.256,0
26.257,0
26.258,0
26.259,0
26.26,0
26.261,0
26.262,0
26.263,0
26.264,0
26.265,0
26.266,0
26.267,0
26.268,0
26.269,0
26.27,0
26.271,0
26.272,16064
26.273,0
26.274,0
26.275,0
26.276,0
26.277,0
26.278,0
26.279,0
26.28,0
26.281,0
26.282,0
26.283,0
26.284,0
26.285,0
26.286,0
26.287,0
26.288,0
26.289,16064
26.29,0
26.291,0
26.292,0
26.293,0
26.294,0
26.295,0
26.296,0
26.297,0
26.298,0
26.299,0
26.3,0
26.301,0
26.302,0
26.303,0
26.304,0
26.305,0
26.306,0
26.307,0
26.308,16064
26.309,0
26.31,0
26.311,0
26.312,0
26.313,0
26.314,0
26.315,0
26.316,0
26.317,0
26.318,0
26.319,0
26.32,0
26.321,0
26.322,0
26.323,0
26.324,0
26.325,0
26.326,16064
26.327,0
26.328,0
26.329,0
26.33,0
26.331,0
26.332,0
26.333,0
26.334,0
26.335,0
26.336,0
26.337,0
26.338,0
26.339,0
26.34,0
26.341,0
26.342,0
26.343,0
26.344,16064
26.345,0
26.346,0
26.347,0
26.348,0
26.349,0
26.35,0
26.351,0
26.352,0
26.353,0
26.354,0
26.355,0
26.356,0
26.357,0
26.358,0
26.359,0
26.36,0
26.361,0
26.362,0
26.363,0
26.364,0
26.365,0
26.366,16064
26.367,0
26.368,0
26.369,0
26.37,0
26.371,0
26.372,0
26.373,0
26.374,0
26.375,0
26.376,0
26.377,0
26.378,0
26.379,0
26.38,0
26.381,0
26.382,16064
26.383,0
26.384,0
26.385,0
26.386,0
26.387,0
26.388,0
26.389,0
26.39,0
26.391,0
26.392,0
26.393,0
26.394,0
26.395,0
26.396,0
26.397,0
26.398,16064
26.399,0
26.4,0
26.401,0
26.402,0
26.403,0
26.404,0
26.405,0
26.406,0
26.407,0
26.408,0
26.409,0
26.41,0
26.411,0
26.412,0
26.413,0
26.414,0
26.415,0
26.416,16064
26.417,0
26.418,0
26.419,0
26.42,0
26.421,0
26.422,0
26.423,0
26.424,0
26.425,0
26.426,0
26.427,0
26.428,0
26.429,0
26.43,0
26.431,0
26.432,0
26.433,0
26.434,16064
26.435,0
26.436,0
26.437,0
26.438,0
26.439,0
26.44,0
26.441,0
26.442,0
26.443,0
26.444,0
26.445,0
26.446,0
26.447,0
26.448,0
26.449,0
26.45,0
26.451,0
26.452,16064
26.453,0
26.454,0
26.455,0
26.456,0
26.457,0
26.458,0
26.459,0
26.46,0
26.461,0
26.462,0
26.463,0
26.464,0
26.465,0
26.466,0
26.467,0
26.468,0
26.469,16064
26.47,0
26.471,0
26.472,0
26.473,0
26.474,0
26.475,0
26.476,0
26.477,0
26.478,0
26.479,0
26.48,0
26.481,0
26.482,0
26.483,0
26.484,0
26.485,0
26.486,0
26.487,0
26.488,16064
26.489,0
26.49,0
26.491,0
26.492,0
26.493,0
26.494,0
26.495,0
26.496,0
26.497,0
26.498,0
26.499,0
26.5,0
26.501,0
26.502,0
26.503,0
26.504,0
26.505,0
26.506,16064
26.507,0
26.508,0
26.509,0
26.51,0
26.511,0
26.512,0
26.513,0
26.514,0
26.515,0
26.516,0
26.517,0
26.518,0
26.519,0
26.52,0
26.521,0
26.522,0
26.523,0
26.524,16064
26.525,0
26.526,0
26.527,0
26.528,0
26.529,0
26.53,0
26.531,0
26.532,0
26.533,0
26.534,0
26.535,0
26.536,0
26.537,0
26.538,0
26.539,0
26.54,0
26.541,0
26.542,0
26.543,16064
26.544,0
26.545,0
26.546,0
26.547,0
26.548,0
26.549,0
26.55,0
26.551,0
26.552,0
26.553,0
26.554,0
26.555,0
26.556,0
26.557,0
26.558,0
26.559,0
26.56,16064
26.561,0
26.562,0
26.563,0
26.564,0
26.565,0
26.566,0
26.567,0
26.568,0
26.569,0
26.57,0
26.571,0
26.572,0
26.573,0
26.574,0
26.575,0
26.576,0
26.577,0
26.578,0
26.579,0
26.58,0
26.581,16064
26.582,0
26.583,0
26.584,0
26.585,0
26.586,0
26.587,0
26.588,0
26.589,0
26.59,0
26.591,0
26.592,0
26.593,0
26.594,0
26.595,0
26.596,0
26.597,0
26.598,0
26.599,16064
26.6,0
26.601,0
26.602,0
26.603,0
26.604,0
26.605,0
26.606,0
26.607,0
26.608,0
26.609,0
26.61,0
26.611,0
26.612,0
26.613,0
26.614,0
26.615,0
26.616,0
26.617,16064
26.618,0
26.619,0
26.62,0
26.621,0
26.622,0
26.623,0
26.624,0
26.625,0
26.626,0
26.627,0
26.628,0
26.629,0
26.63,0
26.631,0
26.632,0
26.633,0
26.634,0
26.635,16064
26.636,0
26.637,0
26.638,0
26.639,0
26.64,0
26.641,0
26.642,0
26.643,0
26.644,0
26.645,0
26.646,0
26.647,0
26.648,0
26.649,0
26.65,0
26.651,0
26.652,16064
26.653,0
26.654,0
26.655,0
26.656,0
26.657,0
26.658,0
26.659,0
26.66,0
26.661,0
26.662,0
26.663,0
26.664,0
26.665,0
26.666,0
26.667,0
26.668,0
26.669,0
26.67,0
26.671,16064
26.672,0
26.673,0
26.674,0
26.675,0
26.676,0
26.677,0
26.678,0
26.679,0
26.68,0
26.681,0
26.682,0
26.683,0
26.684,0
26.685,0
26.686,0
26.687,0
26.688,0
26.689,0
26.69,16064
26.691,0
26.692,0
26.693,0
26.694,0
26.695,0
26.696,0
26.697,0
26.698,0
26.699,0
26.7,0
26.701,0
26.702,0
26.703,0
26.704,0
26.705,0
26.706,0
26.707,0
26.708,16064
26.709,0
26.71,0
26.711,0
26.712,0
26.713,0
26.714,0
26.715,0
26.716,0
26.717,0
26.718,0
26.719,0
26.72,0
26.721,0
26.722,0
26.723,0
26.724,0
26.725,0
26.726,16064
26.727,0
26.728,0
26.729,0
26.73,0
26.731,0
26.732,0
26.733,0
26.734,0
26.735,0
26.736,0
26.737,0
26.738,0
26.739,0
26.74,0
26.741,0
26.742,0
26.743,0
26.744,16064
26.745,0
26.746,0
26.747,0
26.748,0
26.749,0
26.75,0
26.751,0
26.752,0
26.753,0
26.754,0
26.755,0
26.756,0
26.757,0
26.758,0
26.759,0
26.76,0
26.761,16064
26.762,0
26.763,0
26.764,0
26.765,0
26.766,0
26.767,0
26.768,0
26.769,0
26.77,0
26.771,0
26.772,0
26.773,0
26.774,0
26.775,0
26.776,0
26.777,0
26.778,16064
26.779,0
26.78,0
26.781,0
26.782,0
26.783,0
26.784,0
26.785,0
26.786,0
26.787,0
26.788,0
26.789,0
26.79,0
26.791,0
26.792,0
26.793,0
26.794,0
26.795,0
26.796,16064
26.797,0
26.798,0
26.799,0
26.8,0
26.801,0
26.802,0
26.803,0
26.804,0
26.805,0
26.806,0
26.807,0
26.808,0
26.809,0
26.81,0
26.811,0
26.812,0
26.813,0
26.814,0
26.815,0
26.816,16064
26.817,0
26.818,0
26.819,0
26.82,0
26.821,0
26.822,0
26.823,0
26.824,0
26.825,0
26.826,0
26.827,0
26.828,0
26.829,0
26.83,0
26.831,0
26.832,0
26.833,0
26.834,16064
26.835,0
26.836,0
26.837,0
26.838,0
26.839,0
26.84,0
26.841,0
26.842,0
26.843,0
26.844,0
26.845,0
26.846,0
26.847,0
26.848,0
26.849,0
26.85,0
26.851,0
26.852,16064
26.853,0
26.854,0
26.855,0
26.856,0
26.857,0
26.858,0
26.859,0
26.86,0
26.861,0
26.862,0
26.863,0
26.864,0
26.865,0
26.866,0
26.867,0
26.868,0
26.869,0
26.87,16064
26.871,0
26.872,0
26.873,0
26.874,0
26.875,0
26.876,0
26.877,0
26.878,0
26.879,0
26.88,0
26.881,0
26.882,0
26.883,0
26.884,0
26.885,0
26.886,0
26.887,0
26.888,0
26.889,0
26.89,0
26.891,16064
26.892,0
26.893,0
26.894,0
26.895,0
26.896,0
26.897,0
26.898,0
26.899,0
26.9,0
26.901,0
26.902,0
26.903,0
26.904,0
26.905,0
26.906,16064
26.907,0
26.908,0
26.909,0
26.91,0
26.911,0
26.912,0
26.913,0
26.914,0
26.915,0
26.916,0
26.917,0
26.918,0
26.919,0
26.92,0
26.921,0
26.922,0
26.923,0
26.924,0
26.925,0
26.926,0
26.927,16064
26.928,0
26.929,0
26.93,0
26.931,0
26.932,0
26.933,0
26.934,0
26.935,0
26.936,0
26.937,0
26.938,0
26.939,0
26.94,0
26.941,0
26.942,0
26.943,16064
26.944,0
26.945,0
26.946,0
26.947,0
26.948,0
26.949,0
26.95,0
26.951,0
26.952,0
26.953,0
26.954,0
26.955,0
26.956,0
26.957,0
26.958,0
26.959,0
26.96,0
26.961,0
26.962,16064
26.963,0
26.964,0
26.965,0
26.966,0
26.967,0
26.968,0
26.969,0
26.97,0
26.971,0
26.972,0
26.973,0
26.974,0
26.975,0
26.976,0
26.977,0
26.978,0
26.979,0
26.98,16064
26.981,0
26.982,0
26.983,0
26.984,0
26.985,0
26.986,0
26.987,0
26.988,0
26.989,0
26.99,0
26.991,0
26.992,0
26.993,0
26.994,0
26.995,0
26.996,0
26.997,0
26.998,16064
26.999,0
27,0
27.001,0
27.002,0
27.003,0
27.004,0
27.005,0
27.006,0
27.007,0
27.008,0
27.009,0
27.01,0
27.011,0
27.012,0
27.013,0
27.014,0
27.015,0
27.016,0
27.017,16064
27.018,0
27.019,0
27.02,0
27.021,0
27.022,0
27.023,0
27.024,0
27.025,0
27.026,0
27.027,0
27.028,0
27.029,0
27.03,0
27.031,0
27.032,0
27.033,16064
27.034,0
27.035,0
27.036,0
27.037,0
27.038,0
27.039,0
27.04,0
27.041,0
27.042,0
27.043,0
27.044,0
27.045,0
27.046,0
27.047,0
27.048,0
27.049,0
27.05,0
27.051,16064
27.052,0
27.053,0
27.054,0
27.055,0
27.056,0
27.057,0
27.058,0
27.059,0
27.06,0
27.061,0
27.062,0
27.063,0
27.064,0
27.065,0
27.066,0
27.067,0
27.068,0
27.069,0
27.07,16064
27.071,0
27.072,0
27.073,0
27.074,0
27.075,0
27.076,0
27.077,0
27.078,0
27.079,0
27.08,0
27.081,0
27.082,0
27.083,0
27.084,0
27.085,0
27.086,0
27.087,16064
27.088,0
27.089,0
27.09,0
27.091,0
27.092,0
27.093,0
27.094,0
27.095,0
27.096,0
27.097,0
27.098,0
27.099,0
27.1,0
27.101,0
27.102,0
27.103,0
27.104,0
27.105,0
27.106,12080
27.107,4304
27.108,0
27.109,0
27.11,0
27.111,0
27.112,0
27.113,0
27.114,0
27.115,0
27.116,0
27.117,0
27.118,0
27.119,0
27.12,0
27.121,0
27.122,16064
27.123,0
27.124,0
27.125,0
27.126,0
27.127,0
27.128,0
27.129,0
27.13,0
27.131,0
27.132,0
27.133,0
27.134,0
27.135,0
27.136,0
27.137,0
27.138,0
27.139,0
27.14,0
27.141,16064
27.142,0
27.143,0
27.144,0
27.145,0
27.146,0
27.147,0
27.148,0
27.149,0
27.15,0
27.151,0
27.152,0
27.153,0
27.154,0
27.155,0
27.156,0
27.157,0
27.158,0
27.159,0
27.16,16064
27.161,0
27.162,0
27.163,0
27.164,0
27.165,0
27.166,0
27.167,0
27.168,0
27.169,0
27.17,0
27.171,0
27.172,0
27.173,0
27.174,0
27.175,0
27.176,0
27.177,12080
27.178,4304
27.179,0
27.18,0
27.181,0
27.182,0
27.183,0
27.184,0
27.185,0
27.186,0
27.187,0
27.188,0
27.189,0
27.19,0
27.191,0
27.192,0
27.193,0
27.194,0
27.195,0
27.196,0
27.197,16064
27.198,0
27.199,0
27.2,0
27.201,0
27.202,0
27.203,0
27.204,0
27.205,0
27.206,0
27.207,0
27.208,0
27.209,0
27.21,0
27.211,0
27.212,0
27.213,16064
27.214,0
27.215,0
27.216,0
27.217,0
27.218,0
27.219,0
27.22,0
27.221,0
27.222,0
27.223,0
27.224,0
27.225,0
27.226,0
27.227,0
27.228,0
27.229,0
27.23,16064
27.231,0
27.232,0
27.233,0
27.234,0
27.235,0
27.236,0
27.237,0
27.238,0
27.239,0
27.24,0
27.241,0
27.242,0
27.243,0
27.244,0
27.245,0
27.246,0
27.247,0
27.248,16064
27.249,0
27.25,0
27.251,0
27.252,0
27.253,0
27.254,0
27.255,0
27.256,0
27.257,0
27.258,0
27.259,0
27.26,0
27.261,0
27.262,0
27.263,0
27.264,0
27.265,0
27.266,16064
27.267,0
27.268,0
27.269,0
27.27,0
27.271,0
27.272,0
27.273,0
27.274,0
27.275,0
27.276,0
27.277,0
27.278,0
27.279,0
27.28,0
27.281,0
27.282,0
27.283,0
27.284,0
27.285,0
27.286,16064
27.287,0
27.288,0
27.289,0
27.29,0
27.291,0
27.292,0
27.293,0
27.294,0
27.295,0
27.296,0
27.297,0
27.298,0
27.299,0
27.3,0
27.301,0
27.302,0
27.303,0
27.304,16064
27.305,0
27.306,0
27.307,0
27.308,0
27.309,0
27.31,0
27.311,0
27.312,0
27.313,0
27.314,0
27.315,0
27.316,0
27.317,0
27.318,0
27.319,0
27.32,0
27.321,0
27.322,16064
27.323,0
27.324,0
27.325,0
27.326,0
27.327,0
27.328,0
27.329,0
27.33,0
27.331,0
27.332,0
27.333,0
27.334,0
27.335,0
27.336,0
27.337,0
27.338,0
27.339,0
27.34,16064
27.341,0
27.342,0
27.343,0
27.344,0
27.345,0
27.346,0
27.347,0
27.348,0
27.349,0
27.35,0
27.351,0
27.352,0
27.353,0
27.354,0
27.355,0
27.356,0
27.357,0
27.358,16064
27.359,0
27.36,0
27.361,0
27.362,0
27.363,0
27.364,0
27.365,0
27.366,0
27.367,0
27.368,0
27.369,0
27.37,0
27.371,0
27.372,0
27.373,0
27.374,0
27.375,0
27.376,0
27.377,16064
27.378,0
27.379,0
27.38,0
27.381,0
27.382,0
27.383,0
27.384,0
27.385,0
27.386,0
27.387,0
27.388,0
27.389,0
27.39,0
27.391,0
27.392,0
27.393,0
27.394,16064
27.395,0
27.396,0
27.397,0
27.398,0
27.399,0
27.4,0
27.401,0
27.402,0
27.403,0
27.404,0
27.405,0
27.406,0
27.407,0
27.408,0
27.409,0
27.41,0
27.411,0
27.412,0
27.413,0
27.414,16064
27.415,0
27.416,0
27.417,0
27.418,0
27.419,0
27.42,0
27.421,0
27.422,0
27.423,0
27.424,0
27.425,0
27.426,0
27.427,0
27.428,0
27.429,12080
27.43,4304
27.431,0
27.432,0
27.433,0
27.434,0
27.435,0
27.436,0
27.437,0
27.438,0
27.439,0
27.44,0
27.441,0
27.442,0
27.443,0
27.444,0
27.445,0
27.446,16064
27.447,0
27.448,0
27.449,0
27.45,0
27.451,0
27.452,0
27.453,0
27.454,0
27.455,0
27.456,0
27.457,0
27.458,0
27.459,0
27.46,0
27.461,0
27.462,0
27.463,0
27.464,0
27.465,16064
27.466,0
27.467,0
27.468,0
27.469,0
27.47,0
27.471,0
27.472,0
27.473,0
27.474,0
27.475,0
27.476,0
27.477,0
27.478,0
27.479,0
27.48,0
27.481,0
27.482,0
27.483,16064
27.484,0
27.485,0
27.486,0
27.487,0
27.488,0
27.489,0
27.49,0
27.491,0
27.492,0
27.493,0
27.494,0
27.495,0
27.496,0
27.497,0
27.498,0
27.499,0
27.5,0
27.501,0
27.502,0
27.503,16064
27.504,0
27.505,0
27.506,0
27.507,0
27.508,0
27.509,0
27.51,0
27.511,0
27.512,0
27.513,0
27.514,0
27.515,0
27.516,0
27.517,0
27.518,0
27.519,0
27.52,0
27.521,16064
27.522,0
27.523,0
27.524,0
27.525,0
27.526,0
27.527,0
27.528,0
27.529,0
27.53,0
27.531,0
27.532,0
27.533,0
27.534,0
27.535,0
27.536,0
27.537,0
27.538,16064
27.539,0
27.54,0
27.541,0
27.542,0
27.543,0
27.544,0
27.545,0
27.546,0
27.547,0
27.548,0
27.549,0
27.55,0
27.551,0
27.552,0
27.553,0
27.554,0
27.555,0
27.556,0
27.557,16064
27.558,0
27.559,0
27.56,0
27.561,0
27.562,0
27.563,0
27.564,0
27.565,0
27.566,0
27.567,0
27.568,0
27.569,0
27.57,0
27.571,0
27.572,0
27.573,0
27.574,16064
27.575,0
27.576,0
27.577,0
27.578,0
27.579,0
27.58,0
27.581,0
27.582,0
27.583,0
27.584,0
27.585,0
27.586,0
27.587,0
27.588,0
27.589,0
27.59,0
27.591,0
27.592,16064
27.593,0
27.594,0
27.595,0
27.596,0
27.597,0
27.598,0
27.599,0
27.6,0
27.601,0
27.602,0
27.603,0
27.604,0
27.605,0
27.606,0
27.607,0
27.608,0
27.609,0
27.61,16064
27.611,0
27.612,0
27.613,0
27.614,0
27.615,0
27.616,0
27.617,0
27.618,0
27.619,0
27.62,0
27.621,0
27.622,0
27.623,0
27.624,0
27.625,0
27.626,0
27.627,0
27.628,16064
27.629,0
27.63,0
27.631,0
27.632,0
27.633,0
27.634,0
27.635,0
27.636,0
27.637,0
27.638,0
27.639,0
27.64,0
27.641,0
27.642,0
27.643,0
27.644,0
27.645,0
27.646,0
27.647,0
27.648,0
27.649,0
27.65,0
27.651,0
27.652,0
27.653,16064
27.654,0
27.655,0
27.656,0
27.657,0
27.658,0
27.659,0
27.66,0
27.661,0
27.662,0
27.663,0
27.664,16064
27.665,0
27.666,0
27.667,0
27.668,0
27.669,0
27.67,0
27.671,0
27.672,0
27.673,0
27.674,0
27.675,0
27.676,0
27.677,0
27.678,0
27.679,0
27.68,0
27.681,16064
27.682,0
27.683,0
27.684,0
27.685,0
27.686,0
27.687,0
27.688,0
27.689,0
27.69,0
27.691,0
27.692,0
27.693,0
27.694,0
27.695,0
27.696,0
27.697,0
27.698,0
27.699,0
27.7,0
27.701,16064
27.702,0
27.703,0
27.704,0
27.705,0
27.706,0
27.707,0
27.708,0
27.709,0
27.71,0
27.711,0
27.712,0
27.713,0
27.714,0
27.715,0
27.716,0
27.717,16064
27.718,0
27.719,0
27.72,0
27.721,0
27.722,0
27.723,0
27.724,0
27.725,0
27.726,0
27.727,0
27.728,0
27.729,0
27.73,0
27.731,0
27.732,0
27.733,0
27.734,0
27.735,12080
27.736,4304
27.737,0
27.738,0
27.739,0
27.74,0
27.741,0
27.742,0
27.743,0
27.744,0
27.745,0
27.746,0
27.747,0
27.748,0
27.749,0
27.75,0
27.751,0
27.752,16064
27.753,0
27.754,0
27.755,0
27.756,0
27.757,0
27.758,0
27.759,0
27.76,0
27.761,0
27.762,0
27.763,0
27.764,0
27.765,0
27.766,0
27.767,0
27.768,0
27.769,0
27.77,0
27.771,0
27.772,0
27.773,16064
27.774,0
27.775,0
27.776,0
27.777,0
27.778,0
27.779,0
27.78,0
27.781,0
27.782,0
27.783,0
27.784,0
27.785,0
27.786,0
27.787,0
27.788,0
27.789,0
27.79,0
27.791,0
27.792,16064
27.793,0
27.794,0
27.795,0
27.796,0
27.797,0
27.798,0
27.799,0
27.8,0
27.801,0
27.802,0
27.803,0
27.804,0
27.805,0
27.806,0
27.807,0
27.808,16064
27.809,0
27.81,0
27.811,0
27.812,0
27.813,0
27.814,0
27.815,0
27.816,0
27.817,0
27.818,0
27.819,0
27.82,0
27.821,0
27.822,0
27.823,0
27.824,0
27.825,0
27.826,0
27.827,0
27.828,0
27.829,0
27.83,0
27.831,0
27.832,16064
27.833,0
27.834,0
27.835,0
27.836,0
27.837,0
27.838,0
27.839,0
27.84,0
27.841,0
27.842,0
27.843,0
27.844,16064
27.845,0
27.846,0
27.847,0
27.848,0
27.849,0
27.85,0
27.851,0
27.852,0
27.853,0
27.854,0
27.855,0
27.856,0
27.857,0
27.858,0
27.859,0
27.86,0
27.861,16064
27.862,0
27.863,0
27.864,0
27.865,0
27.866,0
27.867,0
27.868,0
27.869,0
27.87,0
27.871,0
27.872,0
27.873,0
27.874,0
27.875,0
27.876,0
27.877,0
27.878,0
27.879,0
27.88,16064
27.881,0
27.882,0
27.883,0
27.884,0
27.885,0
27.886,0
27.887,0
27.888,0
27.889,0
27.89,0
27.891,0
27.892,0
27.893,0
27.894,0
27.895,0
27.896,0
27.897,16064
27.898,0
27.899,0
27.9,0
27.901,0
27.902,0
27.903,0
27.904,0
27.905,0
27.906,0
27.907,0
27.908,0
27.909,0
27.91,0
27.911,0
27.912,0
27.913,0
27.914,0
27.915,0
27.916,16064
27.917,0
27.918,0
27.919,0
27.92,0
27.921,0
27.922,0
27.923,0
27.924,0
27.925,0
27.926,0
27.927,0
27.928,0
27.929,0
27.93,0
27.931,0
27.932,0
27.933,0
27.934,16064
27.935,0
27.936,0
27.937,0
27.938,0
27.939,0
27.94,0
27.941,0
27.942,0
27.943,0
27.944,0
27.945,0
27.946,0
27.947,0
27.948,0
27.949,0
27.95,0
27.951,16064
27.952,0
27.953,0
27.954,0
27.955,0
27.956,0
27.957,0
27.958,0
27.959,0
27.96,0
27.961,0
27.962,0
27.963,0
27.964,0
27.965,0
27.966,0
27.967,0
27.968,0
27.969,0
27.97,0
27.971,0
27.972,16064
27.973,0
27.974,0
27.975,0
27.976,0
27.977,0
27.978,0
27.979,0
27.98,0
27.981,0
27.982,0
27.983,0
27.984,0
27.985,0
27.986,0
27.987,16064
27.988,0
27.989,0
27.99,0
27.991,0
27.992,0
27.993,0
27.994,0
27.995,0
27.996,0
27.997,0
27.998,0
27.999,0
28,0
28.001,0
28.002,0
28.003,0
28.004,16064
28.005,0
28.006,0
28.007,0
28.008,0
28.009,0
28.01,0
28.011,0
28.012,0
28.013,0
28.014,0
28.015,0
28.016,0
28.017,0
28.018,0
28.019,0
28.02,0
28.021,0
28.022,0
28.023,0
28.024,16384
28.025,0
28.026,0
28.027,0
28.028,0
28.029,0
28.03,0
28.031,0
28.032,0
28.033,0
28.034,0
28.035,0
28.036,0
28.037,0
28.038,0
28.039,0
28.04,16064
28.041,0
28.042,0
28.043,0
28.044,0
28.045,0
28.046,0
28.047,0
28.048,0
28.049,0
28.05,0
28.051,0
28.052,0
28.053,0
28.054,0
28.055,0
28.056,0
28.057,0
28.058,0
28.059,16064
28.06,0
28.061,0
28.062,0
28.063,0
28.064,0
28.065,0
28.066,0
28.067,0
28.068,0
28.069,0
28.07,0
28.071,0
28.072,0
28.073,0
28.074,0
28.075,0
28.076,0
28.077,16064
28.078,0
28.079,0
28.08,0
28.081,0
28.082,0
28.083,0
28.084,0
28.085,0
28.086,0
28.087,0
28.088,0
28.089,0
28.09,0
28.091,0
28.092,0
28.093,0
28.094,0
28.095,16064
28.096,0
28.097,0
28.098,0
28.099,0
28.1,0
28.101,0
28.102,0
28.103,0
28.104,0
28.105,0
28.106,0
28.107,0
28.108,0
28.109,0
28.11,0
28.111,0
28.112,0
28.113,0
28.114,0
28.115,16064
28.116,0
28.117,0
28.118,0
28.119,0
28.12,0
28.121,0
28.122,0
28.123,0
28.124,0
28.125,0
28.126,0
28.127,0
28.128,0
28.129,0
28.13,0
28.131,0
28.132,0
28.133,16064
28.134,0
28.135,0
28.136,0
28.137,0
28.138,0
28.139,0
28.14,0
28.141,0
28.142,0
28.143,0
28.144,0
28.145,0
28.146,0
28.147,0
28.148,0
28.149,0
28.15,0
28.151,16064
28.152,0
28.153,0
28.154,0
28.155,0
28.156,0
28.157,0
28.158,0
28.159,0
28.16,0
28.161,0
28.162,0
28.163,0
28.164,0
28.165,0
28.166,0
28.167,16064
28.168,0
28.169,0
28.17,0
28.171,0
28.172,512
28.173,0
28.174,0
28.175,0
28.176,0
28.177,0
28.178,0
28.179,0
28.18,0
28.181,0
28.182,0
28.183,0
28.184,0
28.185,0
28.186,12080
28.187,4304
28.188,0
28.189,0
28.19,0
28.191,0
28.192,0
28.193,0
28.194,0
28.195,0
28.196,0
28.197,0
28.198,0
28.199,0
28.2,0
28.201,0
28.202,0
28.203,12080
28.204,4304
28.205,0
28.206,0
28.207,0
28.208,0
28.209,0
28.21,0
28.211,0
28.212,0
28.213,0
28.214,0
28.215,0
28.216,0
28.217,0
28.218,0
28.219,0
28.22,0
28.221,0
28.222,16064
28.223,0
28.224,0
28.225,0
28.226,0
28.227,0
28.228,0
28.229,0
28.23,0
28.231,0
28.232,0
28.233,0
28.234,0
28.235,0
28.236,0
28.237,0
28.238,0
28.239,0
28.24,0
28.241,0
28.242,16064
28.243,0
28.244,0
28.245,0
28.246,0
28.247,0
28.248,0
28.249,0
28.25,0
28.251,0
28.252,0
28.253,0
28.254,0
28.255,0
28.256,0
28.257,12080
28.258,4304
28.259,0
28.26,0
28.261,0
28.262,0
28.263,0
28.264,0
28.265,0
28.266,0
28.267,0
28.268,0
28.269,0
28.27,0
28.271,0
28.272,0
28.273,0
28.274,0
28.275,12080
28.276,0
28.277,4304
28.278,0
28.279,0
28.28,0
28.281,0
28.282,0
28.283,0
28.284,0
28.285,0
28.286,0
28.287,0
28.288,0
28.289,0
28.29,0
28.291,0
28.292,0
28.293,0
28.294,12080
28.295,4304
28.296,0
28.297,0
28.298,0
28.299,0
28.3,0
28.301,0
28.302,0
28.303,0
28.304,0
28.305,0
28.306,0
28.307,0
28.308,0
28.309,0
28.31,0
28.311,0
28.312,16064
28.313,0
28.314,0
28.315,0
28.316,0
28.317,0
28.318,0
28.319,0
28.32,0
28.321,0
28.322,0
28.323,0
28.324,0
28.325,0
28.326,0
28.327,0
28.328,0
28.329,0
28.33,0
28.331,12080
28.332,0
28.333,4304
28.334,0
28.335,0
28.336,0
28.337,0
28.338,0
28.339,0
28.34,0
28.341,0
28.342,0
28.343,0
28.344,0
28.345,0
28.346,0
28.347,0
28.348,0
28.349,16064
28.35,0
28.351,0
28.352,0
28.353,0
28.354,0
28.355,0
28.356,0
28.357,0
28.358,0
28.359,0
28.36,0
28.361,0
28.362,0
28.363,0
28.364,0
28.365,0
28.366,0
28.367,16064
28.368,0
28.369,0
28.37,0
28.371,0
28.372,0
28.373,0
28.374,0
28.375,0
28.376,0
28.377,0
28.378,0
28.379,0
28.38,0
28.381,0
28.382,0
28.383,0
28.384,0
28.385,16064
28.386,0
28.387,0
28.388,0
28.389,0
28.39,0
28.391,0
28.392,0
28.393,0
28.394,0
28.395,0
28.396,0
28.397,0
28.398,0
28.399,0
28.4,0
28.401,0
28.402,16064
28.403,0
28.404,0
28.405,0
28.406,0
28.407,0
28.408,0
28.409,0
28.41,0
28.411,0
28.412,0
28.413,0
28.414,0
28.415,0
28.416,0
28.417,0
28.418,0
28.419,0
28.42,16064
28.421,0
28.422,0
28.423,0
28.424,0
28.425,0
28.426,0
28.427,0
28.428,0
28.429,0
28.43,0
28.431,0
28.432,0
28.433,0
28.434,0
28.435,0
28.436,0
28.437,0
28.438,0
28.439,16064
28.44,0
28.441,0
28.442,0
28.443,0
28.444,0
28.445,0
28.446,0
28.447,0
28.448,0
28.449,0
28.45,0
28.451,0
28.452,0
28.453,0
28.454,0
28.455,0
28.456,16064
28.457,0
28.458,0
28.459,0
28.46,0
28.461,0
28.462,0
28.463,0
28.464,0
28.465,0
28.466,0
28.467,0
28.468,0
28.469,0
28.47,0
28.471,0
28.472,0
28.473,16064
28.474,0
28.475,0
28.476,0
28.477,0
28.478,0
28.479,0
28.48,0
28.481,0
28.482,0
28.483,0
28.484,0
28.485,0
28.486,0
28.487,0
28.488,0
28.489,0
28.49,0
28.491,0
28.492,16064
28.493,0
28.494,0
28.495,0
28.496,0
28.497,0
28.498,0
28.499,0
28.5,0
28.501,0
28.502,0
28.503,0
28.504,0
28.505,0
28.506,0
28.507,0
28.508,0
28.509,0
28.51,0
28.511,16064
28.512,0
28.513,0
28.514,0
28.515,0
28.516,0
28.517,0
28.518,0
28.519,0
28.52,0
28.521,0
28.522,0
28.523,0
28.524,0
28.525,0
28.526,0
28.527,0
28.528,0
28.529,0
28.53,0
28.531,16064
28.532,0
28.533,0
28.534,0
28.535,0
28.536,0
28.537,0
28.538,0
28.539,0
28.54,0
28.541,0
28.542,0
28.543,0
28.544,0
28.545,0
28.546,0
28.547,12080
28.548,4304
28.549,0
28.55,0
28.551,0
28.552,0
28.553,0
28.554,0
28.555,0
28.556,0
28.557,0
28.558,0
28.559,0
28.56,0
28.561,0
28.562,0
28.563,0
28.564,0
28.565,0
28.566,0
28.567,16064
28.568,0
28.569,0
28.57,0
28.571,0
28.572,0
28.573,0
28.574,0
28.575,0
28.576,0
28.577,0
28.578,0
28.579,0
28.58,0
28.581,0
28.582,0
28.583,16064
28.584,0
28.585,0
28.586,0
28.587,0
28.588,0
28.589,0
28.59,0
28.591,0
28.592,0
28.593,0
28.594,0
28.595,0
28.596,0
28.597,0
28.598,0
28.599,0
28.6,0
28.601,16064
28.602,0
28.603,0
28.604,0
28.605,0
28.606,0
28.607,0
28.608,0
28.609,0
28.61,0
28.611,0
28.612,0
28.613,0
28.614,0
28.615,0
28.616,0
28.617,0
28.618,0
28.619,16064
28.62,0
28.621,0
28.622,0
28.623,0
28.624,0
28.625,0
28.626,0
28.627,0
28.628,0
28.629,0
28.63,0
28.631,0
28.632,0
28.633,0
28.634,0
28.635,0
28.636,16064
28.637,0
28.638,0
28.639,0
28.64,0
28.641,0
28.642,0
28.643,0
28.644,0
28.645,0
28.646,0
28.647,0
28.648,0
28.649,0
28.65,0
28.651,0
28.652,0
28.653,0
28.654,0
28.655,16064
28.656,0
28.657,0
28.658,0
28.659,0
28.66,0
28.661,0
28.662,0
28.663,0
28.664,0
28.665,0
28.666,0
28.667,0
28.668,0
28.669,0
28.67,0
28.671,0
28.672,16064
28.673,0
28.674,0
28.675,0
28.676,0
28.677,0
28.678,0
28.679,0
28.68,0
28.681,0
28.682,0
28.683,0
28.684,0
28.685,0
28.686,0
28.687,0
28.688,0
28.689,0
28.69,0
28.691,16064
28.692,0
28.693,0
28.694,0
28.695,0
28.696,0
28.697,0
28.698,0
28.699,0
28.7,0
28.701,0
28.702,0
28.703,0
28.704,0
28.705,0
28.706,0
28.707,0
28.708,0
28.709,0
28.71,16064
28.711,0
28.712,0
28.713,0
28.714,0
28.715,0
28.716,0
28.717,0
28.718,0
28.719,0
28.72,0
28.721,0
28.722,0
28.723,0
28.724,0
28.725,0
28.726,0
28.727,0
28.728,16064
28.729,0
28.73,0
28.731,0
28.732,0
28.733,0
28.734,0
28.735,0
28.736,0
28.737,0
28.738,0
28.739,0
28.74,0
28.741,0
28.742,0
28.743,0
28.744,0
28.745,0
28.746,16064
28.747,0
28.748,0
28.749,0
28.75,0
28.751,0
28.752,0
28.753,0
28.754,0
28.755,0
28.756,0
28.757,0
28.758,0
28.759,0
28.76,0
28.761,0
28.762,0
28.763,16064
28.764,0
28.765,0
28.766,0
28.767,0
28.768,0
28.769,0
28.77,0
28.771,0
28.772,0
28.773,0
28.774,0
28.775,0
28.776,0
28.777,0
28.778,0
28.779,0
28.78,0
28.781,0
28.782,16064
28.783,0
28.784,0
28.785,0
28.786,0
28.787,0
28.788,0
28.789,0
28.79,0
28.791,0
28.792,0
28.793,0
28.794,0
28.795,0
28.796,0
28.797,0
28.798,0
28.799,0
28.8,16064
28.801,0
28.802,0
28.803,0
28.804,0
28.805,0
28.806,0
28.807,0
28.808,0
28.809,0
28.81,0
28.811,0
28.812,0
28.813,0
28.814,0
28.815,0
28.816,0
28.817,0
28.818,0
28.819,16064
28.82,0
28.821,0
28.822,0
28.823,0
28.824,0
28.825,0
28.826,0
28.827,0
28.828,0
28.829,0
28.83,0
28.831,0
28.832,0
28.833,0
28.834,0
28.835,0
28.836,0
28.837,16064
28.838,0
28.839,0
28.84,0
28.841,0
28.842,0
28.843,0
28.844,0
28.845,0
28.846,0
28.847,0
28.848,0
28.849,0
28.85,0
28.851,0
28.852,0
28.853,0
28.854,16064
28.855,0
28.856,0
28.857,0
28.858,0
28.859,0
28.86,0
28.861,0
28.862,0
28.863,0
28.864,0
28.865,0
28.866,0
28.867,0
28.868,0
28.869,0
28.87,0
28.871,0
28.872,0
28.873,0
28.874,16064
28.875,0
28.876,0
28.877,0
28.878,0
28.879,0
28.88,0
28.881,0
28.882,0
28.883,0
28.884,0
28.885,0
28.886,0
28.887,0
28.888,0
28.889,0
28.89,0
28.891,16064
28.892,0
28.893,0
28.894,0
28.895,0
28.896,0
28.897,0
28.898,0
28.899,0
28.9,0
28.901,0
28.902,0
28.903,0
28.904,0
28.905,0
28.906,0
28.907,0
28.908,0
28.909,16384
28.91,0
28.911,0
28.912,0
28.913,0
28.914,0
28.915,0
28.916,0
28.917,0
28.918,0
28.919,0
28.92,0
28.921,0
28.922,0
28.923,0
28.924,0
28.925,0
28.926,0
28.927,0
28.928,0
28.929,16064
28.93,0
28.931,0
28.932,0
28.933,0
28.934,0
28.935,0
28.936,0
28.937,0
28.938,0
28.939,0
28.94,0
28.941,0
28.942,0
28.943,0
28.944,16064
28.945,0
28.946,0
28.947,0
28.948,0
28.949,0
28.95,0
28.951,0
28.952,0
28.953,0
28.954,0
28.955,0
28.956,0
28.957,0
28.958,0
28.959,0
28.96,0
28.961,0
28.962,0
28.963,16064
28.964,0
28.965,0
28.966,0
28.967,0
28.968,0
28.969,0
28.97,0
28.971,0
28.972,0
28.973,0
28.974,0
28.975,0
28.976,0
28.977,0
28.978,0
28.979,0
28.98,0
28.981,16064
28.982,0
28.983,0
28.984,0
28.985,0
28.986,0
28.987,0
28.988,0
28.989,0
28.99,0
28.991,0
28.992,0
28.993,0
28.994,0
28.995,0
28.996,0
28.997,0
28.998,0
28.999,16064
29,0
29.001,0
29.002,0
29.003,0
29.004,0
29.005,0
29.006,0
29.007,0
29.008,0
29.009,0
29.01,0
29.011,0
29.012,0
29.013,0
29.014,0
29.015,0
29.016,0
29.017,16064
29.018,0
29.019,0
29.02,0
29.021,0
29.022,0
29.023,0
29.024,0
29.025,0
29.026,0
29.027,0
29.028,0
29.029,0
29.03,0
29.031,0
29.032,0
29.033,0
29.034,0
29.035,0
29.036,16064
29.037,0
29.038,0
29.039,0
29.04,0
29.041,0
29.042,0
29.043,0
29.044,0
29.045,0
29.046,0
29.047,0
29.048,0
29.049,0
29.05,0
29.051,0
29.052,0
29.053,16064
29.054,0
29.055,0
29.056,0
29.057,0
29.058,0
29.059,0
29.06,0
29.061,0
29.062,0
29.063,0
29.064,0
29.065,0
29.066,0
29.067,0
29.068,0
29.069,0
29.07,0
29.071,16064
29.072,0
29.073,0
29.074,0
29.075,0
29.076,0
29.077,0
29.078,0
29.079,0
29.08,0
29.081,0
29.082,0
29.083,0
29.084,0
29.085,0
29.086,0
29.087,0
29.088,16064
29.089,0
29.09,0
29.091,0
29.092,0
29.093,0
29.094,0
29.095,0
29.096,0
29.097,0
29.098,0
29.099,0
29.1,0
29.101,0
29.102,0
29.103,0
29.104,0
29.105,0
29.106,16064
29.107,0
29.108,0
29.109,0
29.11,0
29.111,0
29.112,0
29.113,0
29.114,0
29.115,0
29.116,0
29.117,0
29.118,0
29.119,0
29.12,0
29.121,0
29.122,0
29.123,16064
29.124,0
29.125,0
29.126,0
29.127,0
29.128,0
29.129,0
29.13,0
29.131,0
29.132,0
29.133,0
29.134,0
29.135,0
29.136,0
29.137,0
29.138,0
29.139,0
29.14,0
29.141,16064
29.142,0
29.143,0
29.144,0
29.145,0
29.146,0
29.147,0
29.148,0
29.149,0
29.15,0
29.151,0
29.152,0
29.153,0
29.154,0
29.155,0
29.156,0
29.157,0
29.158,0
29.159,16064
29.16,0
29.161,0
29.162,0
29.163,0
29.164,0
29.165,0
29.166,0
29.167,0
29.168,0
29.169,0
29.17,0
29.171,0
29.172,0
29.173,0
29.174,0
29.175,0
29.176,0
29.177,16064
29.178,0
29.179,0
29.18,0
29.181,0
29.182,0
29.183,0
29.184,0
29.185,0
29.186,0
29.187,0
29.188,0
29.189,0
29.19,0
29.191,0
29.192,0
29.193,0
29.194,0
29.195,16064
29.196,0
29.197,0
29.198,0
29.199,0
29.2,0
29.201,0
29.202,0
29.203,0
29.204,0
29.205,0
29.206,0
29.207,0
29.208,0
29.209,0
29.21,0
29.211,12080
29.212,4304
29.213,0
29.214,0
29.215,0
29.216,0
29.217,0
29.218,0
29.219,0
29.22,0
29.221,0
29.222,0
29.223,0
29.224,0
29.225,0
29.226,0
29.227,0
29.228,16064
29.229,0
29.23,0
29.231,0
29.232,0
29.233,0
29.234,0
29.235,0
29.236,0
29.237,0
29.238,0
29.239,0
29.24,0
29.241,0
29.242,0
29.243,0
29.244,0
29.245,0
29.246,16064
29.247,0
29.248,0
29.249,0
29.25,0
29.251,0
29.252,0
29.253,0
29.254,0
29.255,0
29.256,0
29.257,0
29.258,0
29.259,0
29.26,0
29.261,0
29.262,0
29.263,0
29.264,0
29.265,0
29.266,16064
29.267,0
29.268,0
29.269,0
29.27,0
29.271,0
29.272,0
29.273,0
29.274,0
29.275,0
29.276,0
29.277,0
29.278,0
29.279,0
29.28,0
29.281,0
29.282,0
29.283,16064
29.284,0
29.285,0
29.286,0
29.287,0
29.288,0
29.289,0
29.29,0
29.291,0
29.292,0
29.293,0
29.294,0
29.295,0
29.296,0
29.297,0
29.298,0
29.299,0
29.3,0
29.301,0
29.302,16064
29.303,0
29.304,0
29.305,0
29.306,0
29.307,0
29.308,0
29.309,0
29.31,0
29.311,0
29.312,0
29.313,0
29.314,0
29.315,0
29.316,0
29.317,0
29.318,0
29.319,0
29.32,16064
29.321,0
29.322,0
29.323,0
29.324,0
29.325,0
29.326,0
29.327,0
29.328,0
29.329,0
29.33,0
29.331,0
29.332,0
29.333,0
29.334,0
29.335,0
29.336,0
29.337,16064
29.338,0
29.339,0
29.34,0
29.341,0
29.342,0
29.343,0
29.344,0
29.345,0
29.346,0
29.347,0
29.348,0
29.349,0
29.35,0
29.351,0
29.352,0
29.353,0
29.354,0
29.355,0
29.356,0
29.357,16064
29.358,0
29.359,0
29.36,0
29.361,0
29.362,0
29.363,0
29.364,0
29.365,0
29.366,0
29.367,0
29.368,0
29.369,0
29.37,0
29.371,0
29.372,0
29.373,16064
29.374,0
29.375,0
29.376,0
29.377,0
29.378,0
29.379,0
29.38,0
29.381,0
29.382,0
29.383,0
29.384,0
29.385,0
29.386,0
29.387,0
29.388,0
29.389,0
29.39,16064
29.391,0
29.392,0
29.393,0
29.394,0
29.395,0
29.396,0
29.397,0
29.398,0
29.399,0
29.4,0
29.401,0
29.402,0
29.403,0
29.404,0
29.405,0
29.406,0
29.407,0
29.408,16064
29.409,0
29.41,0
29.411,0
29.412,0
29.413,0
29.414,0
29.415,0
29.416,0
29.417,0
29.418,0
29.419,0
29.42,0
29.421,0
29.422,0
29.423,0
29.424,0
29.425,0
29.426,16064
29.427,0
29.428,0
29.429,0
29.43,0
29.431,0
29.432,0
29.433,0
29.434,0
29.435,0
29.436,0
29.437,0
29.438,0
29.439,0
29.44,0
29.441,0
29.442,0
29.443,0
29.444,16064
29.445,0
29.446,0
29.447,0
29.448,0
29.449,0
29.45,0
29.451,0
29.452,0
29.453,0
29.454,0
29.455,0
29.456,0
29.457,0
29.458,0
29.459,0
29.46,0
29.461,0
29.462,16064
29.463,0
29.464,0
29.465,0
29.466,0
29.467,0
29.468,0
29.469,0
29.47,0
29.471,0
29.472,0
29.473,0
29.474,0
29.475,0
29.476,0
29.477,0
29.478,0
29.479,0
29.48,0
29.481,0
29.482,16064
29.483,0
29.484,0
29.485,0
29.486,0
29.487,0
29.488,0
29.489,0
29.49,0
29.491,0
29.492,0
29.493,0
29.494,0
29.495,0
29.496,0
29.497,0
29.498,16384
29.499,0
29.5,0
29.501,0
29.502,0
29.503,0
29.504,0
29.505,0
29.506,0
29.507,0
29.508,0
29.509,0
29.51,0
29.511,0
29.512,0
29.513,0
29.514,0
29.515,0
29.516,0
29.517,16064
29.518,0
29.519,0
29.52,0
29.521,0
29.522,0
29.523,0
29.524,0
29.525,0
29.526,0
29.527,0
29.528,0
29.529,0
29.53,0
29.531,0
29.532,12080
29.533,4304
29.534,0
29.535,0
29.536,0
29.537,0
29.538,0
29.539,0
29.54,0
29.541,0
29.542,0
29.543,0
29.544,0
29.545,0
29.546,0
29.547,0
29.548,0
29.549,0
29.55,0
29.551,0
29.552,0
29.553,16064
29.554,0
29.555,0
29.556,0
29.557,0
29.558,0
29.559,0
29.56,0
29.561,0
29.562,0
29.563,0
29.564,0
29.565,0
29.566,0
29.567,0
29.568,12080
29.569,4304
29.57,0
29.571,0
29.572,0
29.573,0
29.574,0
29.575,0
29.576,0
29.577,0
29.578,0
29.579,0
29.58,0
29.581,0
29.582,0
29.583,0
29.584,0
29.585,0
29.586,0
29.587,16064
29.588,0
29.589,0
29.59,0
29.591,0
29.592,0
29.593,0
29.594,0
29.595,0
29.596,0
29.597,0
29.598,0
29.599,0
29.6,0
29.601,0
29.602,0
29.603,0
29.604,0
29.605,0
29.606,12080
29.607,0
29.608,4304
29.609,0
29.61,0
29.611,0
29.612,0
29.613,0
29.614,0
29.615,0
29.616,0
29.617,0
29.618,0
29.619,0
29.62,0
29.621,0
29.622,0
29.623,16064
29.624,0
29.625,0
29.626,0
29.627,0
29.628,0
29.629,0
29.63,0
29.631,0
29.632,0
29.633,0
29.634,0
29.635,0
29.636,0
29.637,0
29.638,0
29.639,0
29.64,0
29.641,16064
29.642,0
29.643,0
29.644,0
29.645,0
29.646,0
29.647,0
29.648,0
29.649,0
29.65,0
29.651,0
29.652,0
29.653,0
29.654,0
29.655,0
29.656,0
29.657,0
29.658,0
29.659,12080
29.66,4304
29.661,0
29.662,0
29.663,0
29.664,0
29.665,0
29.666,0
29.667,0
29.668,0
29.669,0
29.67,0
29.671,0
29.672,0
29.673,0
29.674,0
29.675,0
29.676,0
29.677,0
29.678,16064
29.679,0
29.68,0
29.681,0
29.682,0
29.683,0
29.684,0
29.685,0
29.686,0
29.687,0
29.688,0
29.689,0
29.69,0
29.691,0
29.692,0
29.693,0
29.694,0
29.695,16064
29.696,0
29.697,0
29.698,0
29.699,0
29.7,0
29.701,0
29.702,0
29.703,0
29.704,0
29.705,0
29.706,0
29.707,0
29.708,0
29.709,0
29.71,0
29.711,0
29.712,16064
29.713,0
29.714,0
29.715,0
29.716,0
29.717,0
29.718,0
29.719,0
29.72,0
29.721,0
29.722,0
29.723,0
29.724,0
29.725,0
29.726,0
29.727,0
29.728,0
29.729,0
29.73,0
29.731,0
29.732,16064
29.733,0
29.734,0
29.735,0
29.736,0
29.737,0
29.738,0
29.739,0
29.74,0
29.741,0
29.742,0
29.743,0
29.744,0
29.745,0
29.746,0
29.747,0
29.748,0
29.749,0
29.75,0
29.751,0
29.752,16064
29.753,0
29.754,0
29.755,0
29.756,0
29.757,0
29.758,0
29.759,0
29.76,0
29.761,0
29.762,0
29.763,0
29.764,0
29.765,0
29.766,0
29.767,0
29.768,16064
29.769,0
29.77,0
29.771,0
29.772,0
29.773,0
29.774,0
29.775,0
29.776,0
29.777,0
29.778,0
29.779,0
29.78,0
29.781,0
29.782,0
29.783,0
29.784,0
29.785,0
29.786,16064
29.787,0
29.788,0
29.789,0
29.79,0
29.791,0
29.792,0
29.793,0
29.794,0
29.795,0
29.796,0
29.797,0
29.798,0
29.799,0
29.8,0
29.801,0
29.802,0
29.803,0
29.804,16064
29.805,0
29.806,0
29.807,0
29.808,0
29.809,0
29.81,0
29.811,0
29.812,0
29.813,0
29.814,0
29.815,0
29.816,0
29.817,0
29.818,0
29.819,0
29.82,0
29.821,0
29.822,16064
29.823,0
29.824,0
29.825,0
29.826,0
29.827,0
29.828,0
29.829,0
29.83,0
29.831,0
29.832,0
29.833,0
29.834,0
29.835,0
29.836,0
29.837,0
29.838,0
29.839,0
29.84,16064
29.841,0
29.842,0
29.843,0
29.844,0
29.845,0
29.846,0
29.847,0
29.848,0
29.849,0
29.85,0
29.851,0
29.852,0
29.853,0
29.854,0
29.855,0
29.856,0
29.857,0
29.858,16064
29.859,0
29.86,0
29.861,0
29.862,0
29.863,0
29.864,0
29.865,0
29.866,0
29.867,0
29.868,0
29.869,0
29.87,0
29.871,0
29.872,0
29.873,0
29.874,0
29.875,16064
29.876,0
29.877,0
29.878,0
29.879,0
29.88,0
29.881,0
29.882,0
29.883,0
29.884,0
29.885,0
29.886,0
29.887,0
29.888,0
29.889,0
29.89,0
29.891,0
29.892,0
29.893,0
29.894,12080
29.895,4304
29.896,0
29.897,0
29.898,0
29.899,0
29.9,0
29.901,0
29.902,0
29.903,0
29.904,0
29.905,0
29.906,0
29.907,0
29.908,0
29.909,0
29.91,0
29.911,0
29.912,0
29.913,16064
29.914,0
29.915,0
29.916,0
29.917,0
29.918,0
29.919,0
29.92,0
29.921,0
29.922,0
29.923,0
29.924,0
29.925,0
29.926,0
29.927,0
29.928,0
29.929,0
29.93,12080
29.931,4304
29.932,0
29.933,0
29.934,0
29.935,0
29.936,0
29.937,0
29.938,0
29.939,0
29.94,0
29.941,0
29.942,0
29.943,0
29.944,0
29.945,0
29.946,0
29.947,0
29.948,0
29.949,0
29.95,16064
29.951,0
29.952,0
29.953,0
29.954,0
29.955,0
29.956,0
29.957,0
29.958,0
29.959,0
29.96,0
29.961,0
29.962,0
29.963,0
29.964,0
29.965,0
29.966,16064
29.967,0
29.968,0
29.969,0
29.97,0
29.971,0
29.972,0
29.973,0
29.974,0
29.975,0
29.976,0
29.977,0
29.978,0
29.979,0
29.98,0
29.981,0
29.982,0
29.983,0
29.984,0
29.985,16064
29.986,0
29.987,0
29.988,0
29.989,0
29.99,0
29.991,0
29.992,0
29.993,0
29.994,0
29.995,0
29.996,0
29.997,0
29.998,0
29.999,0
30,0
30.001,0
30.002,16064
30.003,0
30.004,0
30.005,0
30.006,0
30.007,0
30.008,0
30.009,0
30.01,0
30.011,0
30.012,0
30.013,0
30.014,0
30.015,0
30.016,0
30.017,0
30.018,0
30.019,0
30.02,0
30.021,16064
30.022,0
30.023,0
30.024,0
30.025,0
30.026,0
30.027,0
30.028,0
30.029,0
30.03,0
30.031,0
30.032,0
30.033,0
30.034,0
30.035,0
30.036,0
30.037,0
30.038,16064
30.039,0
30.04,0
30.041,0
30.042,0
30.043,0
30.044,0
30.045,0
30.046,0
30.047,0
30.048,0
30.049,0
30.05,0
30.051,0
30.052,0
30.053,0
30.054,0
30.055,0
30.056,16064
30.057,0
30.058,0
30.059,0
30.06,0
30.061,0
30.062,0
30.063,0
30.064,0
30.065,0
30.066,0
30.067,0
30.068,0
30.069,0
30.07,0
30.071,0
30.072,0
30.073,0
30.074,0
30.075,16064
30.076,0
30.077,0
30.078,0
30.079,0
30.08,0
30.081,0
30.082,0
30.083,0
30.084,0
30.085,0
30.086,0
30.087,0
30.088,0
30.089,0
30.09,0
30.091,0
30.092,0
30.093,16064
30.094,0
30.095,0
30.096,0
30.097,0
30.098,0
30.099,0
30.1,0
30.101,0
30.102,0
30.103,0
30.104,0
30.105,0
30.106,0
30.107,0
30.108,0
30.109,0
30.11,0
30.111,0
30.112,0
30.113,16064
30.114,0
30.115,0
30.116,0
30.117,0
30.118,0
30.119,0
30.12,0
30.121,0
30.122,0
30.123,0
30.124,0
30.125,0
30.126,0
30.127,0
30.128,0
30.129,0
30.13,0
30.131,16064
30.132,0
30.133,0
30.134,0
30.135,0
30.136,0
30.137,0
30.138,0
30.139,0
30.14,0
30.141,0
30.142,0
30.143,0
30.144,0
30.145,0
30.146,0
30.147,0
30.148,0
30.149,0
30.15,0
30.151,12080
30.152,4304
30.153,0
30.154,0
30.155,0
30.156,0
30.157,0
30.158,0
30.159,0
30.16,0
30.161,0
30.162,0
30.163,0
30.164,16064
30.165,0
30.166,0
30.167,0
30.168,0
30.169,0
30.17,0
30.171,0
30.172,0
30.173,0
30.174,0
30.175,0
30.176,0
30.177,0
30.178,0
30.179,0
30.18,0
30.181,0
30.182,0
30.183,0
30.184,0
30.185,0
30.186,16064
30.187,0
30.188,0
30.189,0
30.19,0
30.191,0
30.192,0
30.193,0
30.194,0
30.195,0
30.196,0
30.197,0
30.198,0
30.199,0
30.2,0
30.201,0
30.202,0
30.203,16064
30.204,0
30.205,0
30.206,0
30.207,0
30.208,0
30.209,0
30.21,0
30.211,0
30.212,0
30.213,0
30.214,0
30.215,0
30.216,0
30.217,0
30.218,0
30.219,0
30.22,0
30.221,16064
30.222,0
30.223,0
30.224,0
30.225,0
30.226,0
30.227,0
30.228,0
30.229,0
30.23,0
30.231,0
30.232,0
30.233,0
30.234,0
30.235,0
30.236,0
30.237,0
30.238,16064
30.239,0
30.24,0
30.241,0
30.242,0
30.243,0
30.244,0
30.245,0
30.246,0
30.247,0
30.248,0
30.249,0
30.25,0
30.251,0
30.252,0
30.253,0
30.254,0
30.255,0
30.256,16064
30.257,0
30.258,0
30.259,0
30.26,0
30.261,0
30.262,0
30.263,0
30.264,0
30.265,0
30.266,0
30.267,0
30.268,0
30.269,0
30.27,0
30.271,0
30.272,0
30.273,0
30.274,16064
30.275,0
30.276,0
30.277,0
30.278,0
30.279,0
30.28,0
30.281,0
30.282,0
30.283,0
30.284,0
30.285,0
30.286,0
30.287,0
30.288,0
30.289,0
30.29,0
30.291,0
30.292,0
30.293,16064
30.294,0
30.295,0
30.296,0
30.297,0
30.298,0
30.299,0
30.3,0
30.301,0
30.302,0
30.303,0
30.304,0
30.305,0
30.306,0
30.307,0
30.308,0
30.309,0
30.31,16064
30.311,0
30.312,0
30.313,0
30.314,0
30.315,0
30.316,0
30.317,0
30.318,0
30.319,0
30.32,0
30.321,0
30.322,0
30.323,0
30.324,0
30.325,0
30.326,0
30.327,0
30.328,0
30.329,16064
30.33,0
30.331,0
30.332,0
30.333,0
30.334,0
30.335,0
30.336,0
30.337,0
30.338,0
30.339,0
30.34,0
30.341,0
30.342,0
30.343,0
30.344,0
30.345,0
30.346,16064
30.347,0
30.348,0
30.349,0
30.35,0
30.351,0
30.352,0
30.353,0
30.354,0
30.355,0
30.356,0
30.357,0
30.358,0
30.359,0
30.36,0
30.361,0
30.362,0
30.363,0
30.364,0
30.365,0
30.366,16064
30.367,0
30.368,0
30.369,0
30.37,0
30.371,0
30.372,0
30.373,0
30.374,0
30.375,0
30.376,0
30.377,0
30.378,0
30.379,0
30.38,0
30.381,0
30.382,0
30.383,0
30.384,0
30.385,16064
30.386,0
30.387,0
30.388,0
30.389,0
30.39,0
30.391,0
30.392,0
30.393,0
30.394,0
30.395,0
30.396,0
30.397,0
30.398,0
30.399,0
30.4,0
30.401,0
30.402,0
30.403,0
30.404,0
30.405,0
30.406,0
30.407,0
30.408,0
30.409,0
30.41,0
30.411,0
30.412,16064
30.413,0
30.414,0
30.415,0
30.416,0
30.417,0
30.418,0
30.419,0
30.42,0
30.421,16064
30.422,0
30.423,0
30.424,0
30.425,0
30.426,0
30.427,0
30.428,0
30.429,0
30.43,0
30.431,0
30.432,0
30.433,0
30.434,0
30.435,0
30.436,0
30.437,0
30.438,0
30.439,12080
30.44,4304
30.441,0
30.442,0
30.443,0
30.444,0
30.445,0
30.446,0
30.447,0
30.448,0
30.449,0
30.45,0
30.451,0
30.452,0
30.453,0
30.454,0
30.455,0
30.456,0
30.457,0
30.458,16064
30.459,0
30.46,0
30.461,0
30.462,0
30.463,0
30.464,0
30.465,0
30.466,0
30.467,0
30.468,0
30.469,0
30.47,0
30.471,0
30.472,0
30.473,0
30.474,16064
30.475,0
30.476,0
30.477,0
30.478,0
30.479,0
30.48,0
30.481,0
30.482,0
30.483,0
30.484,0
30.485,0
30.486,0
30.487,0
30.488,0
30.489,0
30.49,0
30.491,0
30.492,0
30.493,16064
30.494,0
30.495,0
30.496,0
30.497,0
30.498,0
30.499,0
30.5,0
30.501,0
30.502,0
30.503,0
30.504,0
30.505,0
30.506,0
30.507,0
30.508,0
30.509,0
30.51,0
30.511,16064
30.512,0
30.513,0
30.514,0
30.515,0
30.516,0
30.517,0
30.518,0
30.519,0
30.52,0
30.521,0
30.522,0
30.523,0
30.524,0
30.525,0
30.526,0
30.527,0
30.528,0
30.529,0
30.53,16064
30.531,0
30.532,0
30.533,0
30.534,0
30.535,0
30.536,0
30.537,0
30.538,0
30.539,0
30.54,0
30.541,0
30.542,0
30.543,0
30.544,0
30.545,0
30.546,0
30.547,0
30.548,16064
30.549,0
30.55,0
30.551,0
30.552,0
30.553,0
30.554,0
30.555,0
30.556,0
30.557,0
30.558,0
30.559,0
30.56,0
30.561,0
30.562,0
30.563,0
30.564,0
30.565,16064
30.566,0
30.567,0
30.568,0
30.569,0
30.57,0
30.571,0
30.572,0
30.573,0
30.574,0
30.575,0
30.576,0
30.577,0
30.578,0
30.579,0
30.58,0
30.581,0
30.582,0
30.583,0
30.584,0
30.585,16064
30.586,0
30.587,0
30.588,0
30.589,0
30.59,0
30.591,0
30.592,0
30.593,0
30.594,0
30.595,0
30.596,0
30.597,0
30.598,0
30.599,0
30.6,0
30.601,0
30.602,16064
30.603,0
30.604,0
30.605,0
30.606,0
30.607,0
30.608,0
30.609,0
30.61,0
30.611,0
30.612,0
30.613,0
30.614,0
30.615,0
30.616,0
30.617,0
30.618,0
30.619,0
30.62,16064
30.621,0
30.622,0
30.623,0
30.624,0
30.625,0
30.626,0
30.627,0
30.628,0
30.629,0
30.63,0
30.631,0
30.632,0
30.633,0
30.634,0
30.635,0
30.636,0
30.637,0
30.638,16064
30.639,0
30.64,0
30.641,0
30.642,0
30.643,0
30.644,0
30.645,0
30.646,0
30.647,0
30.648,0
30.649,0
30.65,0
30.651,0
30.652,0
30.653,0
30.654,0
30.655,0
30.656,0
30.657,16064
30.658,0
30.659,0
30.66,0
30.661,0
30.662,0
30.663,0
30.664,0
30.665,0
30.666,0
30.667,0
30.668,0
30.669,0
30.67,0
30.671,0
30.672,0
30.673,0
30.674,16064
30.675,0
30.676,0
30.677,0
30.678,0
30.679,0
30.68,0
30.681,0
30.682,0
30.683,0
30.684,0
30.685,0
30.686,0
30.687,0
30.688,0
30.689,0
30.69,0
30.691,0
30.692,16064
30.693,0
30.694,0
30.695,0
30.696,0
30.697,0
30.698,0
30.699,0
30.7,0
30.701,0
30.702,0
30.703,0
30.704,0
30.705,0
30.706,0
30.707,0
30.708,0
30.709,0
30.71,16064
30.711,0
30.712,0
30.713,0
30.714,0
30.715,0
30.716,0
30.717,0
30.718,0
30.719,0
30.72,0
30.721,0
30.722,0
30.723,0
30.724,0
30.725,0
30.726,0
30.727,0
30.728,16064
30.729,0
30.73,0
30.731,0
30.732,0
30.733,0
30.734,0
30.735,0
30.736,0
30.737,0
30.738,0
30.739,0
30.74,0
30.741,0
30.742,0
30.743,0
30.744,0
30.745,0
30.746,0
30.747,16064
30.748,0
30.749,0
30.75,0
30.751,0
30.752,0
30.753,0
30.754,0
30.755,0
30.756,0
30.757,0
30.758,0
30.759,0
30.76,0
30.761,0
30.762,0
30.763,0
30.764,16064